library.prep.pool,skip.lib.prep.,Extraction.date,Extraction.conc.,unique_ID,aluminum_band,prev_band,prev_band_2,tissue_number,tissue_number_2,tissue_number_3,tissue_number_4,color_band_lr,color_band_2,sex,age,date_banded,year,plot,longitude,latitude,gps_certainty,pedigree_info,bled,blood_hemat,blood_plasma,blood_whole,feather,freezer_storage_box_location,tissue_notes,mass,bill_depth,bill_length_culmen,bill_length_nares,bill_width,tail,tarsus1,tarsus2,wing_left,wing_right,banders,percent_pine,percent_oak,percent_other,habitat,region,mol.sex
NA,,10-Dec-25,102,F_1,1083-71047,NA,,S20-009,,,,UKU;ARR,NA,F,SY,3/5/20,2020,SZ IST,-119.60484,34.0163868,Trap Setup,NA,Yes,NA,NA,NA,Yes,1.W14.A9,NA,117.9,10.06,33.54,24.81,8.93,147,45.13,NA,NA,134,ARR,0.17640153,0.6228371,0.20076137,pine,east,F
NA,,10-Dec-25,117,F_10,1513-13459,NA,,804,,,,PA,BR,F,ASY,4/23/09,2009,SZ FS,-119.7368254,33.99891226,Estimate,NA,Yes,NA,NA,Yes,Yes,1.V1.H9,NA,121.6,NA,29.95,22.91,NA,137,47.78,47.23,NA,132,LC,0,0.57766666,0.42233334,oak,central,F
NA,,17-Dec-25,36.6,F_100,1783-43516,NA,,F12-110,,,,RRO;AW,NA,F,HY,11/26/12,2012,SZ Off-plot,-119.8025,34.0105557,Location,NA,Yes,No,No,Yes,Yes,1.V14.D3,NA,104.38,9.86,NA,23.69,8.84,148,47.2,47.46,NA,129,LSD,0.32809367,0.22612996,0.44577637,pine,west,F
NA,,17-Dec-25,39.2,F_101,1783-43524,NA,,S13-012,,,,YPP,AP,F,ASY,5/8/13,2013,SZ PZ,-119.7648618,34.00714856,Trap Setup,NA,Yes,No,No,Yes,Yes,1.V15.B3,NA,102,9.82,NA,22.31,9.46,143,45.02,44.49,NA,130,NOL,0,0.44394981,0.5560502,oak,west,F
NA,,17-Dec-25,49.4,F_102,1783-62620,NA,,S14-004,,,,OPW,AWB,F,ASY,3/6/14,2014,SZ SAU,-119.8165287,34.01172249,Trap Setup,NA,Yes,No,No,Yes,Yes,1.W16.A4,NA,100.78,9.63,NA,24.48,8.66,142,44.17,43.94,NA,131,KNF,0.78138145,0.16435664,0.05426191,pine,west,F
NA,,17-Dec-25,20.6,F_103,1783-62632,NA,,S14-018,,,,URY,AWO,F,ASY,3/20/14,2014,SZ SAU,-119.815047,34.005024,Trap Setup,NA,Yes,No,No,Yes,Yes,1.W16.B9,NA,104.58,9.27,NA,22.46,8.81,141,44.68,44.27,NA,130,KNF,0.7035466,3.19E-06,0.29645022,pine,west,F
NA,,17-Dec-25,19.2,F_104,1783-62635,NA,,S14-022,,,,UKU,AWO,F,ASY,3/23/14,2014,SZ SAU,-119.815047,34.005024,Trap Setup,NA,Yes,No,No,Yes,Yes,1.W16.C4,NA,106.22,9.3,NA,22.09,9.21,136,43.66,43.41,NA,128,EJH,0.7035466,3.19E-06,0.29645022,pine,west,F
NA,,17-Dec-25,26.4,F_105,1783-62638,NA,,S14-025,,,,WRU,AWO,F,ASY,3/23/14,2014,SZ SAU,-119.815047,34.005024,Trap Setup,NA,Yes,No,No,Yes,Yes,1.W16.C7,NA,104.64,9.53,NA,23.51,9.35,145,45.55,45.55,NA,128,MCH,0.7035466,3.19E-06,0.29645022,pine,west,F
NA,,17-Dec-25,31.2,F_106,1783-62640,NA,,S14-027,,,,YGO,APO,F,ASY,3/26/14,2014,SZ PZ,-119.758788,34.01416399,Trap Setup,NA,Yes,No,No,Yes,Yes,1.W16.C9,NA,116.86,9.58,NA,21.33,8.6,144,43.58,43.58,NA,130,EJH,0,0.26519276,0.73480724,oak,west,F
NA,,17-Dec-25,17.1,F_107,1783-62653,NA,,S14-040,,,,OYB,AWO,F,ASY,4/1/14,2014,SZ SAU,-119.81595,34.00290098,Trap Setup,NA,Yes,No,No,Yes,Yes,1.W16.E4,NA,103.7,9.4,NA,24.33,9.53,148,44.37,44.74,NA,129,KNF,0.57453826,0.04866196,0.37679978,pine,west,F
NA,,17-Dec-25,115,F_108,1783-62662,NA,,S14-051,,,,GBP,AWO,F,ASY,4/7/14,2014,SZ SAU,-119.819687,34.00323603,Trap Setup,NA,Yes,No,No,Yes,Yes,1.W16.G5,NA,109.93,9.88,NA,22.76,9.33,142,45,44.88,NA,132,MCH,0.61331965,0.29745886,0.0892215,pine,west,F
NA,,17-Dec-25,116,F_109,1783-62665,NA,,S14-053,,,,GYP,AWO,F,ASY,4/7/14,2014,SZ SAU,-119.819687,34.00323603,Trap Setup,NA,Yes,No,No,Yes,Yes,1.W16.G7,NA,99.63,9.71,NA,21.04,9.55,142,42.93,42.96,NA,129,MCH,0.61331965,0.29745886,0.0892215,pine,west,F
NA,,10-Dec-25,27.3,F_11,1583-92746,NA,,F10-109,,,,UBY;AG,NA,F,AHY,11/1/10,2010,SZ Off-plot,-119.70408,34.0285685,Trap Setup,NA,Yes,No,No,Yes,Yes,1.V6.C9,NA,106.87,9.41,32.21,24.64,8.92,148,43.94,NA,NA,134,KL,0.45466041,0.2043093,0.34103029,pine,central,F
NA,,17-Dec-25,112,F_110,1783-62673,NA,,S14-063,,,,RKB,AYO,F,ASY,5/7/14,2014,SZ CPC,-119.721015,33.97633803,Trap Setup,NA,Yes,No,No,Yes,Yes,1.W16.H7,NA,101.6,9.4,NA,20.04,8.85,141,44.55,44.2,NA,128,MCH,0,0.62812294,0.37187706,oak,central,F
NA,,17-Dec-25,118,F_111,1783-62677,NA,,S14-067,,,,BWB,APO,F,ASY,5/14/14,2014,SZ PZ,-119.757116,34.00650706,Trap Setup,NA,No,No,No,Yes,No,1.W16.I2,NA,99.72,9.83,NA,22.91,9.2,139,44.44,44.2,NA,130,EJH,0,0.6364957,0.3635043,oak,west,F
NA,,17-Dec-25,68.2,F_112,1783-62708,NA,,F17-119,,,,WPP,AUO,F,AHY,11/9/17,2017,SZ BV,-119.7911362,34.01279697,Trap Setup,NA,Yes,No,No,Yes,Yes,1.W9.E3,NA,103.5,10.11,31.08,21.88,9.9,142,42.87,42.85,NA,132,KSS,0.06345315,0.41470949,0.52183737,pine,west,F
NA,,17-Dec-25,53.2,F_113,1783-62795,1783-24680,,F11-048,S11-001,,,YBB,AP,F,SY,9/30/11,2011,SZ PZ,-119.7589428,34.00587523,Trap Setup,NA,Yes,No,No,Yes,Yes,1.V10.F2,original band 1783-24680,106.16,9.89,30.64,23.01,8.91,146,44.85,NA,NA,132,KL,0,0.67050828,0.32949172,oak,west,F
NA,,17-Dec-25,59.1,F_114,1783-62796,1783-24826,,S11-095,,,,WRR,AP,F,ASY,6/18/11,2011,SZ PZ,-119.7598874,34.01198419,Trap Setup,NA,Yes,No,No,Yes,Yes,1.V8.I7,original band 1783-24826,113.42,9.62,31.66,23.52,8.8,0,46.37,NA,NA,134,KL,0,0.4170192,0.5829808,oak,west,F
NA,,17-Dec-25,131,F_115,1793-17888,NA,,F19-049,,,,-;-,NA,F,AHY,11/4/19,2019,SZ PEL,-119.69859,34.0278147,Trap Setup,NA,Yes,NA,NA,Yes,Yes,1.W12.F4,NA,122,10.95,35.02,25.3,9.75,161,45.6,NA,NA,141,CIM,0.16138673,0.30917399,0.52943928,pine,central,M
NA,,17-Dec-25,246,F_116,1793-17908,NA,,F19-135,,,,;,NA,F,AHY,12/11/19,2019,SZ PEL,-119.70312,34.0304557,Trap Setup,NA,Yes,NA,NA,Yes,Yes,1.W13.F9,NA,109.5,10.17,31.9,23.33,8.79,144,43.4,NA,NA,134,MAY,0.33537903,0.24404139,0.42057957,pine,central,F
NA,,17-Dec-25,134,F_117,1833-00354,NA,,F15-135,,,,YUY;AOO,NA,F,AHY,12/9/15,2015,SZ SC,-119.58063,34.0359199,Trap Setup,NA,Yes,No,No,Yes,Yes,1.W4.F9,NA,101.3,10.04,32.61,22.44,9.08,144,43.65,43.59,NA,131,KLR,0,0.36350533,0.63649467,oak,east,F
NA,,17-Dec-25,87.3,F_118,1833-00364,NA,,S16-006,,,,RYK,APS,F,SY,5/18/16,2016,SZ PZ,-119.758611,34.00833294,Location,NA,Yes,No,No,Yes,Yes,1.W5.A6,NA,108.4,9.87,29.12,20.72,8.57,137,45.32,46.12,NA,128,EMD,0,0.40493126,0.59506874,oak,west,F
NA,,18-Dec-25,51.1,F_119,1833-00401,NA,,F15-089,,,,UOU,AWS,F,HY,11/5/15,2015,SZ SAU,-119.8137572,34.00109495,Trap Setup,NA,Yes,No,No,Yes,Yes,1.W4.A8,NA,100.2,9.71,30.03,21.98,9.34,140,44.07,43.93,NA,125,NOL,0.34200332,0.07641842,0.58157827,pine,west,F
NA,,10-Dec-25,127,F_12,1603-78715,NA,,S10-001,,,,WUO,AP,F,SY,5/18/10,2010,SZ PZ,-119.762396,34.00487814,Trap Setup,NA,Yes,No,No,Yes,Yes,1.V4.I9,NA,113.18,9.76,30.75,21.84,9,137,45.32,45.26,NA,124,LC/ MHC,0,0.80530963,0.19469038,oak,west,F
NA,,18-Dec-25,33.6,F_120,1833-00507,NA,,S14-103,,,,WRY,AWO,F,SY,6/12/14,2014,SZ SAU,-119.81726,34.00398401,Trap Setup,NA,Yes,No,No,Yes,Yes,1.X1.C2,NA,109,9.5,NA,22.83,9.06,143,42.39,42.36,NA,127,MCH,0.65130293,0.09232648,0.25637059,pine,west,F
NA,,18-Dec-25,25.5,F_121,1833-00511,NA,,F14-005,,,,BKB,APO,F,AHY,10/7/14,2014,SZ PZ,-119.760865,34.00639406,Trap Setup,NA,Yes,No,No,Yes,Yes,1.X1.D6,NA,103.12,9.87,32.55,23.65,8.9,145,45.24,132,NA,NA,TBR,0,0.56917547,0.43082453,oak,west,F
NA,,18-Dec-25,34.2,F_122,1833-00530,NA,,F14-021,,,,PUG,AWO,F,AHY,10/23/14,2014,SZ SAU,-119.820122,34.00085894,Trap Setup,NA,Yes,No,No,Yes,No,1.X1.F10,NA,110.8,9.71,32.17,22.59,9.12,143,46.25,46.44,NA,128,EMD,0.34852473,0.34141328,0.31006198,pine,west,F
NA,,18-Dec-25,54.7,F_123,1833-00536,NA,,F14-049,,,,WYR,AWO,F,AHY,11/16/14,2014,SZ SAU,-119.818802,34.00152197,Location,NA,Yes,No,No,Yes,No,1.X2.B2,NA,110.9,9.82,33.19,23.69,9.15,148,45.58,45.99,NA,130,DLA,0.39656006,0.2841866,0.31925334,pine,west,F
NA,,18-Dec-25,35.3,F_124,1833-00560,NA,,S15-020,,,,YWB,AWO,F,ASY,5/19/15,2015,SZ SAU,-119.8141666,34.00083344,Location,NA,Yes,No,No,Yes,Yes,1.W2.C2,NA,104.17,9.98,NA,22.16,9.29,144,45.5,45.53,129,0,OLJ,0.32236128,0.08042601,0.5972127,pine,west,F
NA,,18-Dec-25,79.4,F_125,1833-00602,NA,,S16-061,,,,GYR,AWO,F,ASY,6/14/16,2016,SZ SAU,-119.8149998,34.00833361,Location,NA,Yes,No,No,Yes,No,1.W5.G7,clot,108.3,9.6,31.54,23.44,9.19,0,45.13,44.9,NA,0,MCH,0.90340411,0.03797798,0.05861791,pine,west,F
NA,,18-Dec-25,17.1,F_126,1833-00608,NA,,F16-013,,,,KUR,APU,F,HY,10/31/16,2016,SZ PZ,-119.7626705,34.00640091,Trap Setup,NA,Yes,No,No,Yes,Yes,1.W6.B4,NA,102,9.85,31.9,23.2,8.96,144,48.09,47.94,NA,129,MAD,0,0.59281954,0.40718047,oak,west,F
NA,,18-Dec-25,13.1,F_127,1833-00616,NA,,F16-019,,,,A;00005,NA,F,AHY,11/3/16,2016,SZ Off-plot,-119.76472,34.0011108,Location,NA,Yes,No,No,Yes,Yes,1.W6.C1,NA,108.4,9.88,29.73,21.51,8.7,142,46.66,46.52,NA,131,SLR,0,0.72200194,0.27799807,oak,west,F
NA,,18-Dec-25,22.9,F_128,1833-00624,1783-43408,,S12-014,,,,POP,AP,F,ASY,5/31/12,2012,SZ PZ,-119.7566859,34.01259694,Estimate,NA,Yes,No,No,Yes,No,1.V12.H3,original band 1783-43408,103.68,9.86,31.3,22.16,9,145,46.41,46.45,NA,130,MAD,0,0.35127041,0.64872959,oak,west,F
NA,,18-Dec-25,88.8,F_129,1833-00679,NA,,S17-011,,,,UGW,AUO,F,ASY,5/15/17,2017,SZ BV,-119.7928393,34.0132889,Location,NA,Yes,No,No,Yes,Yes,1.W7.B2,NA,103.5,9.19,29.67,21.54,8.75,150,42.57,42.97,NA,129,MCH,0.14270255,0.23284069,0.62445676,pine,west,F
NA,,10-Dec-25,71.1,F_13,1603-78717,NA,,S10-003,S11-042,,,BYY,AR,F,ASY,6/5/10,2010,SZ FS,-119.735667,34.00181403,Estimate,NA,Yes,No,No,Yes,Yes,1.V4.I7,NA,109.31,9.61,31.23,22.3,9.16,137,47.27,47.13,NA,126,MAD,0,0.48668687,0.51331314,oak,central,F
NA,,18-Dec-25,130,F_130,1833-00682,NA,,S17-016,,,,BOO,AUO,F,ASY,5/19/17,2017,SZ BV,-119.7872501,34.01381406,Trap Setup,NA,Yes,No,No,Yes,Yes,1.W7.B7,NA,120,10.1,30.3,22.85,8.91,149,42.8,42.4,NA,134,ARG,0,0.5593313,0.44066871,oak,west,F
NA,,18-Dec-25,151,F_131,1893-09043,NA,,F19-037,,,,-;-,NA,F,AHY,11/2/19,2019,SZ PEL,-119.68993,34.0203958,Trap Setup,NA,Yes,NA,NA,Yes,Yes,1.W12.E1,NA,111.3,10.35,33.26,24.87,8.51,145,45.53,NA,NA,131,MAY,0.13056606,0.56019007,0.30924387,pine,central,F
NA,,18-Dec-25,137,F_132,1893-09046,NA,,F19-044,,,,-;-,NA,F,HY,11/4/19,2019,SZ PEL,-119.6932,34.0251293,Trap Setup,NA,Yes,NA,NA,Yes,Yes,1.W12.E8,NA,101,10.39,32.42,23.31,9.17,141,42.77,NA,NA,127,CIM,0.24001694,0.410317,0.34966606,pine,central,F
NA,,18-Dec-25,139,F_133,1893-09066,NA,,F19-096,,,,YGW;ARO,NA,F,AHY,11/22/19,2019,SZ CP,-119.62987,34.0001129,Trap Setup,NA,Yes,NA,NA,Yes,Yes,1.W13.B6,NA,103.9,9.87,33.21,24.45,9.04,149,44.26,NA,NA,134,CIM,0,0.44331133,0.55668867,oak,east,F
NA,,18-Dec-25,164,F_134,1893-09070,NA,,F19-114,,,,WKW;ARR,NA,F,HY,11/25/19,2019,SZ CP,-119.5872,34.008988,Trap Setup,NA,Yes,NA,NA,Yes,Yes,1.W13.D6,NA,104.2,9.84,32.83,24.18,8.39,140,43.26,NA,NA,129,MAY,0,0.57127739,0.42872261,oak,east,F
NA,,18-Dec-25,145,F_135,1893-09081,NA,,S20-004,,,,KKK;ARR,NA,F,SY,3/5/20,2020,SZ IST,-119.60581,34.0140491,Trap Setup,NA,Yes,NA,NA,Yes,Yes,1.W14.A4,NA,103.6,9.73,33.26,24.59,8.55,139,43.8,NA,NA,128,MAY,0.00548552,0.89341127,0.10110321,pine,east,F
NA,,18-Dec-25,107,F_136,1893-09084,NA,,S20-008,,,,UUP;ARO,NA,F,ASY,3/5/20,2020,SZ IST,-119.6062,34.0135181,Trap Setup,NA,Yes,NA,NA,Yes,Yes,1.W14.A8,NA,105.7,9.74,33.19,25.26,8.43,145,43.25,NA,NA,132,MAY,0,0.86867402,0.13132598,oak,east,F
NA,,18-Dec-25,104,F_137,1893-09093,NA,,S20-057,,,,BGY;ARR,NA,F,SY,4/26/20,2020,SZ IST,-119.60264,34.0196518,Trap Setup,NA,Yes,NA,NA,Yes,Yes,1.W14.G3,NA,108.7,9.76,33.96,23.8,8.94,138,44.19,44.22,NA,129,MAY,0.06002383,0.17202178,0.7679544,pine,east,F
NA,,18-Dec-25,144,F_138,1893-09106,NA,,F19-071,,,,-;-,NA,F,HY,11/15/19,2019,SZ PEL,-119.7042,34.0059107,Trap Setup,NA,Yes,NA,NA,Yes,Yes,1.W12.H8,NA,96.4,9.5,30.14,21.86,8.3,144,43.96,NA,NA,131,MAY,0,0.53557224,0.46442776,oak,central,F
NA,,18-Dec-25,63.8,F_139,1893-09124,NA,,S20-026,,,,WYP;ARO,NA,F,ASY,3/27/20,2020,SZ IST,-119.60678,34.0168055,Trap Setup,NA,Yes,NA,NA,Yes,Yes,1.W14.C8,NA,117.4,10.37,33.63,24.64,8.14,145,43.38,43.1,NA,131,NSM,0.06704191,0.65297344,0.27998465,pine,east,F
NA,,10-Dec-25,88.9,F_14,1603-78720,NA,,S10-008,,,,POY,AY,F,ASY,6/12/10,2010,SZ CPC,-119.7163471,33.97765106,Trap Setup,NA,Yes,No,No,Yes,Yes,1.V4.I2,NA,105.31,10.21,29.48,20.94,9.49,137,46.02,45.77,NA,127,MAD,0,0.47364912,0.52635089,oak,central,F
NA,,18-Dec-25,124,F_140,1893-09132,NA,,S20-050,,,,OGU;ARO,NA,F,ASY,4/26/20,2020,SZ IST,-119.60255,34.0192931,Trap Setup,NA,Yes,NA,No,Yes,Yes,1.W14.F5,NA,103.8,10.11,35.47,25.22,8.39,147,45.61,45.04,NA,135,CAT,0.08449208,0.18080661,0.73470131,pine,east,F
NA,,18-Dec-25,24.8,F_141,1893-09147,NA,,S20-078,,,,BYG;ARY,NA,F,HY,6/7/20,2020,SZ IST,-119.6053,34.0183514,Trap Setup,NA,Yes,NA,NA,Yes,Yes,1.W14.I5,NA,100.9,9.07,29.49,20.46,8.44,138,43.73,43.76,NA,131,MAY,0.10012007,0.34089048,0.55898945,pine,east,F
NA,,18-Dec-25,151,F_142,1893-42191,NA,,F20-156,,,,BBY;ARO,NA,F,AHY,11/24/20,2020,SZ IST,-119.5998,34.0143117,Trap Setup,NA,Yes,NA,NA,Yes,Yes,1.X4.C4,NA,107.5,9.85,35.03,26.12,8.15,149,44.44,44.52,NA,136,MAY,0.06307371,0.59605516,0.34087113,pine,east,F
NA,,10-Dec-25,28.1,F_15,1603-78725,NA,,N10-043,S12-001,,,AP,KWR,F,N,6/19/10,2010,SZ PZ,-119.761452,34.01048863,Nest,NA,Yes,No,No,Yes,No,1.V4.E7,NA,72.22,NA,NA,NA,NA,0,36.36,36.33,NA,0,MAD,0,0.28169352,0.71830648,oak,west,F
NA,,10-Dec-25,45.5,F_16,1603-78733,NA,,S10-024,,,,GGR,AY,F,AHY,6/24/10,2010,SZ CPC,-119.7171176,33.97636291,Trap Setup,NA,Yes,No,No,Yes,Yes,1.V4.G4,NA,114.92,10.34,30.62,21.34,9.13,141,46.33,46.19,NA,132,MAD,0,0.6502133,0.3497867,oak,central,F
NA,,10-Dec-25,70,F_17,1603-78736,NA,,S10-028,,,,GPK,AY,F,SY,6/26/10,2010,SZ CPC,-119.7200667,33.97586498,Trap Setup,NA,Yes,No,No,Yes,Yes,1.V4.F9,NA,110.84,9.56,28.08,20.24,9.25,127,45.27,45.28,NA,128,MAD,0,0.69427538,0.30572462,oak,central,F
NA,,10-Dec-25,51.6,F_18,1603-78744,NA,,F10-043,,,,PPG;AY,NA,F,AHY,10/4/10,2010,SZ Off-plot,-119.72757,33.9696676,Trap Setup,NA,Yes,Yes,Yes,Yes,Yes,1.V5.E6,NA,109.8,10.15,32.43,24.4,9.67,151,46.04,NA,NA,133,KL,0,0.3069515,0.6930485,oak,central,F
NA,,10-Dec-25,59.2,F_19,1603-78761,NA,,F10-125,,,,OUR,AP,F,HY,11/6/10,2010,SZ PZ,-119.7598879,34.00631377,Trap Setup,NA,Yes,Yes,Yes,Yes,Yes,1.V6.E7,NA,103.94,9.39,30,22.28,8.8,139,44.35,NA,NA,128,KL,0,0.58934139,0.41065861,oak,west,F
NA,,10-Dec-25,14.9,F_2,1083-71050,NA,,S20-016,,,,OPO;ARO,NA,F,ASY,3/5/20,2020,SZ IST,-119.60719,34.0161656,Trap Setup,NA,Yes,NA,NA,NA,Yes,1.W14.B7,NA,107.2,10.21,33.55,23.61,8.92,147,44.9,44.75,NA,134,CAT,0.01305526,0.81111546,0.17582928,pine,east,F
NA,,10-Dec-25,52.1,F_20,1603-78775,NA,,F10-178,,,,PWR,AR,F,HY,12/2/10,2010,SZ FS,-119.7249426,33.99775384,Trap Setup,NA,Yes,No,No,Yes,Yes,1.V7.B6,NA,106.1,9.49,31.35,22.78,8.61,140,45.3,NA,NA,125,KL,0,0.23180379,0.76819621,oak,central,F
NA,,10-Dec-25,41.2,F_21,1603-78779,NA,,S11-082,,,,UGO,AR,F,ASY,6/16/11,2011,SZ FS,-119.7238395,33.99710216,Trap Setup,NA,Yes,No,No,Yes,Yes,1.V8.H3,Black sugar,102.5,9.5,28.85,20.96,8.91,0,44.53,NA,NA,130,KL,0,0.16982018,0.83017982,oak,central,F
NA,,10-Dec-25,47.4,F_22,1603-78782,NA,,S11-106,,,,YUY,AP,F,ASY,6/21/11,2011,SZ PZ,-119.7554061,34.01199459,Trap Setup,NA,Yes,No,No,Yes,Yes,1.V7.G1,NA,109.07,10.13,29.76,20.98,9.26,0,45.45,NA,NA,126,KL,0,0.3094639,0.6905361,oak,west,F
NA,,15-Dec-25,84.1,F_23,1603-78784,NA,,F11-001,,,,KWY;AK,NA,F,AHY,9/12/11,2011,SZ Off-plot,-119.76254,34.04839,Trap Setup,NA,Yes,No,No,Yes,Yes,1.V10.A1,Duplicate V11,112,9.89,31.75,23.88,8.96,147,45.59,NA,NA,132,KL,0,0.41480364,0.58519636,oak,central,F
NA,,15-Dec-25,88,F_24,1603-78785,NA,,F11-004,,,,UGK;AK,NA,F,AHY,9/13/11,2011,SZ Off-plot,-119.82037,34.0454892,Trap Setup,NA,Yes,No,No,Yes,Yes,1.V10.A4,Duplicate V11,110,9.9,31.99,23.79,8.46,159,45.97,NA,NA,134,KL,0,0.42419245,0.57580755,oak,west,F
NA,,15-Dec-25,89.1,F_25,1603-78786,NA,,F11-008,,,,YKU;AK,NA,F,AHY,9/14/11,2011,SZ Off-plot,-119.77394,34.0381717,Trap Setup,NA,Yes,No,No,Yes,Yes,1.V10.A8,NA,112,9.57,33.03,24.83,8.7,147,45.57,NA,NA,132,KL,0,0.38563151,0.6143685,oak,west,F
NA,,15-Dec-25,75,F_27,1603-78799,NA,,F11-082,,,,KKP;AB,NA,F,AHY,10/16/11,2011,SZ Off-plot,-119.76072,33.990023,Trap Setup,NA,Yes,No,No,Yes,Yes,1.V10.I9,NA,103.82,9.49,31.48,23.66,8.19,146,43.35,NA,NA,130,KL,0,0.49685545,0.50314455,oak,west,F
NA,,15-Dec-25,68.8,F_28,1603-78800,NA,,F11-086,,,,KKG;AB,NA,F,AHY,10/16/11,2011,SZ Off-plot,-119.76595,34.0018414,Trap Setup,NA,Yes,No,No,Yes,Yes,1.V11.A4,NA,104.24,9.65,31.28,23.76,8.57,146,44.31,NA,NA,132,KL,0,0.71359689,0.28640311,oak,west,F
NA,,15-Dec-25,59.1,F_29,1603-79101,NA,,F10-061,,,,WYW,AR,F,ASY,10/12/10,2010,SZ CPC,-119.7231394,33.97585107,Trap Setup,NA,Yes,Yes,Yes,Yes,Yes,1.V5.G6,NA,104.46,9.88,32.74,24.46,9.58,146,46.25,NA,NA,129,KL,0,0.51769603,0.48230397,oak,central,F
NA,,10-Dec-25,126,F_3,1083-71061,NA,,F20-012,,,,BRP;ARO,NA,F,AHY,10/23/20,2020,SZ IST,-119.60869,34.0171615,Trap Setup,NA,Yes,NA,NA,Yes,Yes,1.X2.D10,NA,103.8,9.82,33.73,25,8.47,138,45.66,45.65,NA,128,COC,0,0.70153555,0.29846445,oak,east,F
NA,,15-Dec-25,105,F_30,1603-79105,NA,,806,841,F10-051,S11-021,GBG,AR,F,ASY,5/21/09,2009,SZ FS,-119.7349968,34.00018343,Estimate,NA,Yes,NA,NA,NA,No,1.V1.H2,NA,124.45,NA,29.08,24.15,NA,143,46.94,46.82,NA,128,MD,0,0.44923657,0.55076343,oak,central,F
NA,,15-Dec-25,56.8,F_31,1603-79130,1603-79310,,F10-140,,,,RGB;AG,NA,F,ASY,11/13/10,2010,SZ Off-plot,-119.68282,34.0178916,Trap Setup,NA,Yes,No,No,Yes,Yes,1.V6.G4,original band 1603-79310,101.52,9.61,31.14,23.39,9,146,43.79,NA,NA,130,KL,0,0.3113389,0.6886611,oak,central,F
NA,,15-Dec-25,46.9,F_32,1603-79136,1603-79139,,F10-081,,,,UBB,AR,F,ASY,10/17/10,2010,SZ FS,-119.7402583,34.00112759,Trap Setup,NA,Yes,Yes,Yes,Yes,Yes,1.V5.I8,original band 1603-79139,111.59,9.92,29.63,22.61,8.92,148,45.13,NA,NA,132,KL,0,0.44549754,0.55450246,oak,central,F
NA,,15-Dec-25,4.49,F_33,1603-79151,NA,,S12-017,,,,YRB,AY,F,ASY,6/6/12,2012,SZ CPC,-119.716763,33.976621,Estimate,NA,Yes,No,No,Yes,No,1.V12.H6,NA,107.61,9.76,28.45,21.56,8.64,0,45.56,45.51,NA,130,MAD,0,0.59852277,0.40147723,oak,central,F
NA,,15-Dec-25,11.3,F_34,1603-79153,NA,,S12-038,,,,RUW,AY,F,ASY,6/14/12,2012,SZ CPC,-119.720668,33.97721801,Estimate,NA,Yes,No,No,Yes,No,1.V12.J7,NA,NA,9.8,32.08,22.99,8.75,0,45.3,45.16,NA,128,MAD,0,0.52724089,0.47275912,oak,central,F
NA,,15-Dec-25,41,F_35,1603-79174,NA,,826,F10-153,,,BRG,AR,F,ASY,6/14/09,2009,SZ FS,-119.7300135,33.99815907,Estimate,NA,Yes,NA,NA,NA,Yes,1.V1.E4,NA,108.41,10.03,32.77,22.52,8.89,196,45.57,44.82,NA,129,LC,0,0.34166967,0.65833033,oak,central,F
NA,,15-Dec-25,56.4,F_36,1603-79260,NA,,S12-033,,,,OUG,AY,F,ASY,6/12/12,2012,SZ CPC,-119.720314,33.98011699,Estimate,NA,Yes,No,No,Yes,No,1.V12.J2,NA,103.04,9.94,31.88,22.56,8.14,0,46.85,46.82,NA,133,MAD,0,0.25349125,0.74650875,oak,central,F
NA,,15-Dec-25,51.5,F_37,1603-79275,NA,,S11-092,,,,OPR,AP,F,ASY,6/18/11,2011,SZ PZ,-119.7558458,34.0068462,Trap Setup,NA,Yes,No,No,Yes,Yes,1.V8.I4,NA,112.54,9.39,30.36,22.09,9.03,0,44.69,NA,NA,0,KL,0,0.63984236,0.36015764,oak,west,F
NA,,15-Dec-25,111,F_38,1603-79298,NA,,817,,,,WGR,AR,F,AHY,6/11/09,2009,SZ FS,-119.7358063,33.99900004,Trap Setup,NA,No,NA,NA,Yes,Yes,1.V1.G3,NA,110.96,10.24,31.45,22.55,8.99,142,44.53,44.51,NA,128,HRS,0,0.52670523,0.47329477,oak,central,F
NA,,15-Dec-25,47.1,F_39,1603-79302,NA,,F09-002,F10-079,,,ORB,AR,F,AHY,9/8/09,2009,SZ FS,-119.7408284,34.00167868,Estimate,NA,No,Yes,Yes,Yes,Yes,1.V2.A2,NA,101.18,9.81,30.56,22.58,9.02,150,45.06,45.1,NA,132,KL,0,0.4307588,0.5692412,oak,central,F
NA,,10-Dec-25,145,F_4,1083-71064,NA,,F20-150,,,,UBW;ARO,NA,F,AHY,11/24/20,2020,SZ IST,-119.60663,34.0141581,Trap Setup,NA,Yes,NA,NA,Yes,Yes,1.X4.B7,NA,98.8,9.57,33.21,26.05,8.44,138,41.17,41.19,NA,127,COC,0,0.93871675,0.06128325,oak,east,F
NA,,15-Dec-25,31.6,F_40,1603-79311,NA,,F09-012,,,,GYO,AY,F,AHY,9/13/09,2009,SZ CPC,-119.7234581,33.97125532,Trap Setup,NA,No,Yes,Yes,Yes,Yes,1.V2.B3,NA,109.19,10.34,30.15,20.97,8.67,148,46.23,46.53,NA,131,KL,0,0.40939539,0.59060462,oak,central,F
NA,,15-Dec-25,41,F_41,1603-79313,NA,,F09-015,,,,BKU,AP,F,AHY,9/15/09,2009,SZ PZ,-119.7572662,34.01093419,Trap Setup,NA,No,No,No,Yes,Yes,1.V2.B6,NA,NA,10.23,30.92,22.47,10.04,143,45.61,46.15,NA,133,KL,0,0.41904785,0.58095215,oak,west,F
NA,,15-Dec-25,32.8,F_42,1603-79314,NA,,F09-016,F10-164,,,KBO,AY,F,AHY,9/16/09,2009,SZ CPC,-119.7199332,33.97645013,Estimate,NA,No,No,No,Yes,Yes,1.V2.B7,NA,103.03,9.42,29.54,21.44,8.63,145,46.48,46.38,NA,133,KL,0,0.65055931,0.34944069,oak,central,F
NA,,15-Dec-25,62.2,F_43,1603-79315,NA,,F09-017,F10-176,,,WOY,AR,F,HY,9/17/09,2009,SZ FS,-119.7358709,33.99906053,Estimate,NA,No,No,No,Yes,Yes,1.V2.B8,NA,107.96,10.05,32.15,23.89,8.61,147,44.98,45.12,NA,130,KL,0,0.52176275,0.47823725,oak,central,F
NA,,15-Dec-25,30.3,F_44,1603-79323,NA,,F09-029,,,,GYU;AW,NA,F,AHY,9/23/09,2009,SZ Off-plot,-119.80607,34.0153467,Trap Setup,NA,No,Yes,Yes,Yes,Yes,1.V2.D2,NA,105.4,9.57,31.97,23.8,8.87,142,45.48,45.67,NA,132,KL,0.5324312,0.3220526,0.14551621,pine,west,F
NA,,15-Dec-25,38.2,F_45,1603-79324,NA,,F09-031,,,,POG,AP,F,AHY,9/24/09,2009,SZ PZ,-119.7624641,34.00464222,Trap Setup,NA,No,No,No,Yes,Yes,1.V2.D4,NA,106.1,9.87,31.49,23.83,8.52,144,46.39,46.58,NA,132,KL,0,0.83711517,0.16288483,oak,west,F
NA,,15-Dec-25,68.8,F_46,1603-79327,NA,,F09-034,,,,UPG;AW,NA,F,AHY,9/25/09,2009,SZ Off-plot,-119.87035,34.0200643,Trap Setup,NA,No,No,No,Yes,Yes,1.V2.D7,NA,110.78,10.27,30.74,23.04,9.14,150,44.86,44.93,NA,132,KL,0,0.25783963,0.74216037,oak,west,F
NA,,16-Dec-25,11.7,F_47,1603-79329,NA,,F09-037,,,,WBU;AW,NA,F,AHY,9/27/09,2009,SZ Off-plot,-119.85599,34.0157473,Trap Setup,NA,No,No,No,Yes,Yes,1.V2.E1,NA,108.22,10.25,31.56,23,8.81,146,45.13,45.22,NA,134,KL,0,0.51279622,0.48720378,oak,west,F
NA,,16-Dec-25,15.3,F_48,1603-79331,NA,,F09-041,S11-079,,,BBY,AP,F,AHY,9/28/09,2009,SZ PZ,-119.7567155,34.01019208,Estimate,NA,No,No,No,Yes,Yes,1.V2.E5,NA,101.23,9.97,31.19,23.56,8.8,138,45.76,45.79,NA,128,KL,0,0.41202374,0.58797626,oak,west,F
NA,,16-Dec-25,44.8,F_49,1603-79332,NA,,F09-049,F10-173,,,GOK,AP,F,AHY,9/30/09,2009,SZ PZ,-119.7610386,34.00651898,Estimate,NA,No,Yes,Yes,Yes,Yes,1.V2.F4,NA,103.8,9.88,29.9,22.21,8.92,147,45.66,45.82,NA,132,KL,0,0.54427999,0.45572001,oak,west,F
NA,,10-Dec-25,81.6,F_5,1363-74531,NA,,831,F11-043,,,RBW,AP,F,AHY,6/16/09,2009,SZ PZ,-119.7593319,34.00824915,Estimate,NA,No,NA,NA,Yes,Yes,1.V1.E2,NA,111.21,9.93,31.96,23,8.98,140,44.96,45.84,NA,127,LC,0,0.35940737,0.64059263,oak,west,F
NA,,16-Dec-25,24.5,F_50,1603-79335,NA,,F09-055,F10-038,S11-007,,BPO,AW,F,HY,10/5/09,2009,SZ BV,-119.7972635,34.01483529,Estimate,NA,Yes,No,No,Yes,Yes,1.V2.G1,NA,98.78,9.86,31.77,23.55,8.84,146,45.29,45.49,NA,128,KL,0.41894217,0.07059678,0.51046105,pine,west,F
NA,,16-Dec-25,36.1,F_51,1603-79338,NA,,F09-079,,,,OKU;AR,NA,F,AHY,10/21/09,2009,SZ Off-plot,-119.67648,33.9880453,Trap Setup,NA,No,Yes,Yes,Yes,Yes,1.V2.I7,NA,107.43,9.94,31.08,22.13,9.05,148,46.31,46.47,NA,131,KL,0,0.18530232,0.81469768,oak,central,F
NA,,16-Dec-25,45.2,F_52,1603-79339,NA,,F09-081,,,,KGK;AG,NA,F,AHY,10/22/09,2009,SZ Off-plot,-119.68897,34.0087783,Trap Setup,NA,No,Yes,Yes,Yes,Yes,1.V2.I9,NA,108.87,10,29.71,21.73,8.64,144,45.93,46.21,NA,131,KL,0,0.72398064,0.27601936,oak,central,F
NA,,16-Dec-25,44.7,F_53,1603-79343,NA,,F09-090,,,,YWO;AK,NA,F,HY,10/24/09,2009,SZ Off-plot,-119.80454,34.0328975,Trap Setup,NA,No,Yes,Yes,Yes,Yes,1.V3.A9,NA,105.86,9.95,32.3,23.87,8.38,144,45.13,45.39,NA,127,KL,0,0.49689261,0.50310739,oak,west,F
NA,,16-Dec-25,13.6,F_54,1603-79345,NA,,F09-097,,,,BWO,AY,F,HY,10/29/09,2009,SZ CPC,-119.7255837,33.97377753,Trap Setup,NA,No,Yes,Yes,Yes,Yes,1.V3.B7,NA,NA,9.71,30.69,22.28,8.98,140,45.25,45.24,NA,126,KL,0,0.5026504,0.4973496,oak,central,F
NA,,16-Dec-25,28.2,F_55,1603-79350,NA,,F09-104,,,,BYO;AU,NA,F,AHY,10/31/09,2009,SZ Off-plot,-119.63972,33.9932847,Trap Setup,NA,No,Yes,Yes,Yes,Yes,1.V3.C5,NA,99.49,9.41,32.32,23.93,8.63,148,47.17,47.19,NA,132,KL,0,0.33138605,0.66861395,oak,east,F
NA,,16-Dec-25,24.4,F_56,1603-79351,NA,,F09-109,,,,KRO;AW,NA,F,AHY,11/2/09,2009,SZ Off-plot,-119.80673,34.0153046,Trap Setup,NA,No,No,No,Yes,Yes,1.V3.C9,NA,112.93,10.1,33.6,24.59,9.32,148,46.4,46.41,NA,132,KL,0.5240684,0.35416103,0.12177057,pine,west,F
NA,,16-Dec-25,2.42,F_57,1603-79356,NA,,F09-125,,,,RGO,AY,F,AHY,11/8/09,2009,SZ CPC,-119.7271804,33.97566235,Trap Setup,NA,No,No,No,Yes,Yes,1.V3.E7,NA,110.23,9.62,30.79,21.56,8.97,145,46.79,46.78,NA,128,KL,0,0.39622397,0.60377603,oak,central,F
NA,,16-Dec-25,27.2,F_58,1603-79357,NA,,F09-127,,,,KWG;AU,NA,F,AHY,11/11/09,2009,SZ Off-plot,-119.62395,34.0002486,Trap Setup,NA,No,No,No,Yes,Yes,1.V3.E9,NA,108.14,9.76,34.13,26.04,9.1,152,46.82,46.66,NA,134,KL,0.02663946,0.45221681,0.52114373,pine,east,F
NA,,16-Dec-25,44.5,F_59,1603-79365,NA,,F09-143,,,,YUU;AU,NA,F,AHY,11/14/09,2009,SZ Off-plot,-119.62791,33.9958365,Trap Setup,NA,No,No,No,Yes,Yes,1.V3.G7,NA,105.39,9.47,32.96,24.61,8.95,146,46.27,46.39,NA,135,KL,0,0.69465233,0.30534767,oak,east,F
NA,,16-Dec-25,14.5,F_60,1623-17882,NA,,F17-096,,,,KYY,AUK,F,HY,11/1/17,2017,SZ BV,-119.7877221,34.014083,Location,NA,Yes,No,No,Yes,Yes,1.W9.B7,NA,112,10.47,33.89,24.64,8.48,151,44.75,44.77,NA,137,KSS,0,0.53436232,0.46563768,oak,west,M
NA,,16-Dec-25,41.8,F_61,1703-64613,NA,,S11-111,,,,GKY;AU,NA,F,HY,6/23/11,2011,SZ Off-plot,-119.61812,34.0022931,Location,NA,Yes,Yes,Yes,Yes,Yes,1.V7.G6,NA,108.3,9.22,29.64,21,8.22,148,46.26,46.15,NA,131,KL,0.15571501,0.40362217,0.44066282,pine,east,F
NA,,16-Dec-25,57.3,F_62,1713-24904,NA,,F11-107,,,,RUK;AG,NA,F,AHY,10/29/11,2011,SZ Off-plot,-119.70076,34.0282809,Trap Setup,NA,Yes,No,No,Yes,Yes,1.V11.C5,NA,112,9.38,33.15,24.95,8.52,147,44.5,NA,NA,131,KL,0.3192209,0.16684174,0.51393737,pine,central,F
NA,,16-Dec-25,63.3,F_63,1713-24908,NA,,F11-119,,,,YUP;AW,NA,F,AHY,11/16/11,2011,SZ Off-plot,-119.83074,34.0171339,Trap Setup,NA,Yes,No,No,Yes,Yes,1.V11.D7,NA,107.88,9.43,31.18,23.12,8.23,147,45.2,NA,NA,132,KL,0.10164944,0.78895311,0.10939745,pine,west,F
NA,,16-Dec-25,73,F_64,1713-24909,NA,,F11-123,,,,RPB;AW,NA,F,HY,11/16/11,2011,SZ Off-plot,-119.86948,34.0223561,Trap Setup,NA,Yes,No,No,Yes,Yes,1.V11.E1,NA,112.37,9.39,32.35,22.85,8.62,148,45.28,NA,NA,127,KL,0,0.14175686,0.85824314,oak,west,F
NA,,16-Dec-25,75.5,F_65,1713-24910,NA,,F11-125,,,,GWU,AY,F,AHY,11/19/11,2011,SZ CPC,-119.7268649,33.97493011,Trap Setup,NA,Yes,No,No,Yes,Yes,1.V11.E3,NA,104.25,9.9,30.28,22.35,8.98,147,46.41,NA,NA,132,KL,0,0.41113483,0.58886517,oak,central,F
NA,,16-Dec-25,87.9,F_66,1713-24911,NA,,F11-128,,,,YGR,AY,F,AHY,11/19/11,2011,SZ CPC,-119.7274032,33.97484605,Trap Setup,NA,Yes,No,No,Yes,Yes,1.V11.E4,NA,102.9,9.4,30.58,23.32,8.35,146,45.56,NA,NA,132,KL,0,0.37769432,0.62230568,oak,central,F
NA,,16-Dec-25,45.1,F_67,1713-24914,NA,,F11-140,,,,WYY;AU,NA,F,HY,11/27/11,2011,SZ Off-plot,-119.62396,34.0020244,Trap Setup,NA,Yes,No,No,Yes,Yes,1.V11.F5,NA,106.62,9.19,30.62,23.61,8.13,140,45.19,NA,NA,126,KL,0.03754285,0.4623111,0.50014605,pine,east,F
NA,,16-Dec-25,63.1,F_68,1713-24915,NA,,F11-145,,,,RKW;AU,NA,F,AHY,11/29/11,2011,SZ Off-plot,-119.63405,33.9965346,Trap Setup,NA,Yes,No,No,Yes,Yes,1.V11.F10,NA,104.64,9.6,32.36,24.6,8.49,143,45.99,NA,NA,130,KL,0,0.30756669,0.69243331,oak,east,F
NA,,16-Dec-25,81.3,F_69,1713-24916,NA,,F11-148,,,,KBW;AU,NA,F,AHY,11/29/11,2011,SZ Off-plot,-119.64246,33.9980849,Trap Setup,NA,Yes,No,No,Yes,Yes,1.V11.G3,NA,101.99,9.7,34.03,26.44,8.58,146,44.97,NA,NA,134,KL,0,0.47066215,0.52933785,oak,east,F
NA,,10-Dec-25,150,F_7,1363-74538,NA,,845,,,,RUB,AR,F,HY,6/22/09,2009,SZ FS,-119.739733,34.00296935,Trap Setup,NA,No,NA,NA,Yes,No,1.V1.C5,NA,101.8,9.5,29.82,21.25,8.8,135,43.02,42.77,NA,127,HRS,0,0.3985873,0.6014127,oak,central,F
NA,,16-Dec-25,74.4,F_70,1713-24917,NA,,F11-149,,,,KRR;AU,NA,F,HY,11/29/11,2011,SZ Off-plot,-119.63693,33.9944083,Trap Setup,NA,Yes,No,No,Yes,Yes,1.V11.G4,NA,100.14,9.79,31.69,24.17,8.59,134,44.73,NA,NA,124,KL,0,0.41267296,0.58732704,oak,east,F
NA,,17-Dec-25,23.5,F_71,1713-24934,NA,,S14-019,,,,KKY,AWO,F,ASY,3/23/14,2014,SZ SAU,-119.815047,34.005024,Trap Setup,NA,Yes,No,No,Yes,Yes,1.W16.C1,NA,101.79,9.53,NA,23.33,8.85,143,43.55,43.77,NA,131,MCH,0.7035466,3.19E-06,0.29645022,pine,west,F
NA,,17-Dec-25,86,F_72,1713-24950,NA,,F17-033,,,,ROB,AUK,F,HY,10/22/17,2017,SZ BV,-119.7918111,34.01405806,Trap Setup,NA,Yes,No,No,Yes,Yes,1.W8.D7,NA,102.2,9.71,32.37,22.44,8.54,142,44.1,44.21,NA,129,ARG,0.09378963,0.3120896,0.59412077,pine,west,F
NA,,17-Dec-25,91.2,F_73,1713-24979,NA,,F19-053,,,,-;-,NA,F,AHY,11/5/19,2019,SZ PEL,-119.70325,34.0310028,Trap Setup,NA,Yes,NA,NA,Yes,Yes,1.W12.F8,NA,101,10.07,30.91,22.43,8.3,140,42.92,NA,NA,128,ARR,0.3422375,0.22751805,0.43024445,pine,central,F
NA,,17-Dec-25,116,F_74,1713-24982,NA,,F19-103,,,,KWW;ARO,NA,F,AHY,11/24/19,2019,SZ CP,-119.61757,34.0037022,Trap Setup,NA,Yes,NA,NA,Yes,Yes,1.W13.C4,NA,93.7,9.67,32.58,23.83,7.52,140,42.38,NA,NA,130,ARR,0.14093311,0.40328435,0.45578254,pine,east,F
NA,,17-Dec-25,122,F_75,1713-24985,NA,,F19-119,,,,GRB;ARO,NA,F,AHY,11/26/19,2019,SZ CP,-119.62985,33.9995996,Trap Setup,NA,Yes,NA,NA,Yes,Yes,1.W13.E2,NA,100.3,9.63,33.28,25.3,7.9,144,45.73,NA,NA,132,COC,0,0.47867852,0.52132148,oak,east,F
NA,,17-Dec-25,60.1,F_76,1713-24986,NA,,F19-129,,,,BKU;ARO,NA,F,AHY,12/10/19,2019,SZ IST,-119.60358,34.014971,Trap Setup,NA,Yes,NA,NA,Yes,Yes,1.W13.F3,NA,102.4,9.49,32.38,23.83,8.39,146,46.1,NA,NA,134,ARR,0.1633662,0.74977329,0.08686052,pine,east,F
NA,,17-Dec-25,140,F_77,1713-24994,NA,,F20-032,,,,UWW;ARO,NA,F,AHY,10/27/20,2020,SZ IST,-119.59967,34.0125744,Trap Setup,NA,Yes,NA,NA,Yes,Yes,1.X2.F10,NA,96.4,9.79,35.2,25.35,8.22,139,45.35,45.28,NA,128,COC,0.01327404,0.54674727,0.43997869,pine,east,F
NA,,17-Dec-25,128,F_78,1713-43402,NA,,F20-095,,,,KPO;ARY,NA,F,HY,11/6/20,2020,SZ IST,-119.60438,34.0154318,Trap Setup,NA,Yes,NA,NA,Yes,Yes,1.X3.D6,NA,103.4,9.52,32.52,25.4,8.33,132,44.31,44.27,NA,126,HPH,0.18515721,0.70397488,0.11086792,pine,east,F
NA,,17-Dec-25,95.8,F_79,1783-24602,NA,,S10-016,,,,BRK,AY,F,ASY,6/20/10,2010,SZ CPC,-119.7176846,33.9768372,Trap Setup,NA,Yes,No,No,Yes,Yes,1.V4.H3,NA,109.23,10.35,31.33,22.28,8.91,144,46.75,47.13,NA,132,MAD,0,0.64571481,0.35428519,oak,central,F
NA,,10-Dec-25,31.5,F_8,1363-74581,NA,,F09-098,,,,KKB,AY,F,AHY,10/29/09,2009,SZ CPC,-119.7225547,33.97414213,Trap Setup,NA,No,Yes,Yes,Yes,Yes,1.V3.B8,NA,NA,10.11,32.42,23.49,9.03,144,45.95,45.85,NA,131,KL,0,0.63086354,0.36913646,oak,central,F
NA,,17-Dec-25,21,F_80,1783-24622,NA,,F10-020,,,,RWW,AR,F,HY,9/27/10,2010,SZ FS,-119.7336493,33.99890378,Trap Setup,NA,Yes,Yes,Yes,Yes,Yes,1.V5.C2,NA,105.25,9.72,29.92,21.63,8.72,138,46.68,NA,NA,129,KL,0,0.47597796,0.52402205,oak,central,F
NA,,17-Dec-25,49.3,F_81,1783-24634,NA,,F10-048,,,,YRU;AG,NA,F,AHY,10/5/10,2010,SZ Off-plot,-119.69723,34.0279348,Trap Setup,NA,Yes,Yes,Yes,Yes,Yes,1.V5.F2,NA,107.25,9.37,31.48,24.01,9.02,148,45.67,NA,NA,132,KL,0.08483342,0.41854002,0.49662657,pine,central,F
NA,,17-Dec-25,70.7,F_82,1783-24637,NA,,F10-055,,,,OYG;AW,NA,F,HY,10/9/10,2010,SZ Off-plot,-119.81893,34.013538,Trap Setup,NA,Yes,No,No,Yes,Yes,1.V5.F9,NA,106.32,9.61,30.12,22.27,8.94,145,44.9,NA,NA,128,KL,0.69770891,0.29340503,0.00888605,pine,west,F
NA,,17-Dec-25,52.3,F_84,1783-24656,NA,,F10-112,,,,UKU;AG,NA,F,AHY,11/4/10,2010,SZ Off-plot,-119.69084,34.0221608,Trap Setup,NA,Yes,No,No,Yes,Yes,1.V6.D3,NA,103.88,9.68,32.51,24.66,8.93,147,44.34,NA,NA,132,KL,0.17937057,0.48498601,0.33564342,pine,central,F
NA,,17-Dec-25,65.6,F_85,1783-24795,NA,,S12-003B,,,,WUW,AR,F,ASY,5/18/12,2012,SZ FS,-119.741301,34.00291104,Estimate,NA,Yes,No,No,Yes,No,1.V12.G2,NA,99.52,9.82,30.26,22.45,8.55,136,45.94,45.91,NA,129,MAD,0,0.36522192,0.63477808,oak,central,F
NA,,17-Dec-25,21.4,F_86,1783-24805,NA,,S11-014,,,,UKG,AY,F,AHY,6/4/11,2011,SZ CPC,-119.7231931,33.97278474,Trap Setup,NA,Yes,No,No,Yes,Yes,1.V8.B4,black sugar,106.3,9.84,32.29,23.69,8.82,0,45.44,NA,NA,126,KL,0,0.58009365,0.41990635,oak,central,F
NA,,17-Dec-25,25.6,F_87,1783-24815,1603-78724,,N10-042,S11-036,,,AP,GPP,F,N,6/19/10,2010,SZ PZ,-119.761452,34.01048863,Nest,NA,Yes,No,No,Yes,No,1.V4.E6,original band 1603-78724,71.93,NA,NA,NA,NA,0,38.41,38.41,NA,0,MAD,0,0.28169352,0.71830648,oak,west,F
NA,,17-Dec-25,41.8,F_88,1783-24818,NA,,S11-047,,,,P,P,F,SY,6/8/11,2011,SZ PZ,-119.7667735,34.0076825,Trap Setup,NA,Yes,No,No,Yes,Yes,1.V8.E8,NA,109,10.44,31.2,22.11,8.87,138,44.93,45.37,NA,128,MAD,0,0.44627882,0.55372118,oak,west,F
NA,,17-Dec-25,32.9,F_89,1783-24819,NA,,S11-059,,,,POK,AY,F,ASY,6/10/11,2011,SZ CPC,-119.723154,33.97596794,Trap Setup,NA,Yes,No,No,Yes,Yes,1.V8.F4,NA,114.72,9.9,31.66,22.78,8.87,146,45.85,NA,NA,132,KL,0,0.51509403,0.48490597,oak,central,F
NA,,10-Dec-25,86.4,F_9,1363-74600,NA,,S10-011,,,,PUP,AP,F,ASY,6/16/10,2010,SZ PZ,-119.7671357,34.00716951,Trap Setup,NA,Yes,No,No,Yes,Yes,1.V4.H8,NA,114.17,10.27,31.59,22.35,9.14,149,47.78,47.77,NA,133,MAD,0,0.57401761,0.42598239,oak,west,F
NA,,17-Dec-25,72.8,F_90,1783-24840,NA,,F11-023,,,,ORP;AP,NA,F,AHY,9/26/11,2011,SZ Off-plot,-119.77842,34.0119723,Trap Setup,NA,Yes,No,No,Yes,Yes,1.V10.C5,NA,129.78,10.26,34.53,26.49,9.09,162,47.88,NA,NA,141,KL,0,0.70426336,0.29573664,oak,west,M
NA,,17-Dec-25,57.6,F_91,1783-24869,NA,,F11-096,,,,UBP;AO,NA,F,AHY,10/26/11,2011,SZ Off-plot,-119.586,34.0406304,Trap Setup,NA,Yes,No,No,Yes,Yes,1.V11.B4,NA,110,9.65,30.78,22.96,8.65,150,45.14,NA,NA,135,KL,0,0.13996804,0.86003196,oak,east,F
NA,,17-Dec-25,42.8,F_92,1783-24877,NA,,F11-108,,,,URW;AG,NA,F,AHY,11/6/11,2011,SZ Off-plot,-119.68395,34.0171819,Trap Setup,NA,Yes,No,No,Yes,Yes,1.V11.C6,NA,111.6,9.76,33.25,25.29,8.62,144,44.55,NA,NA,131,KL,0,0.41312395,0.58687605,oak,central,F
NA,,17-Dec-25,2.51,F_93,1783-24882,NA,,F11-120,,,,WGO;AW,NA,F,HY,11/16/11,2011,SZ Off-plot,-119.83009,34.0171218,Trap Setup,NA,Yes,No,No,Yes,Yes,1.V11.D8,NA,117.36,9.89,33.87,25.71,8.9,150,46.28,NA,NA,133,KL,0.08671907,0.79772387,0.11555707,pine,west,M
NA,,17-Dec-25,56.8,F_94,1783-24897,1783-24898,,F11-168,,,,WWY;AG,NA,F,AHY,12/7/11,2011,SZ Off-plot,-119.695,34.0269469,Trap Setup,NA,Yes,No,No,Yes,Yes,1.V11.H10,original band 1783-24898,107,10.02,31.97,23,8.4,144,45.74,NA,NA,130,KL,0.14876384,0.47116934,0.38006682,pine,central,F
NA,,17-Dec-25,47.1,F_95,1783-43430,1783-23430,,S12-036,,,,YYO;AR,NA,F,ASY,6/14/12,2012,SZ Off-plot,-119.75066,34.0049159,Trap Setup,NA,Yes,No,No,Yes,No,1.V12.J5,original band 1783-23430,109.66,10.15,30.19,22.33,9.12,0,45.93,45.88,NA,0,CAW,0,0.77058608,0.22941392,oak,central,F
NA,,17-Dec-25,47.1,F_96,1783-43433,NA,,S12-040,,,,GRG;AR,NA,F,ASY,6/16/12,2012,SZ Off-plot,-119.71222,34.0016664,Location,NA,Yes,No,No,Yes,No,1.V12.J9,NA,114.1,10.41,30.49,21.98,9.77,147,45.95,45.98,NA,134,CAW,0,0.54102829,0.45897171,oak,central,F
NA,,17-Dec-25,34.7,F_97,1783-43476,NA,,F12-054,,,,KGB,AP,F,AHY,10/22/12,2012,SZ PZ,-119.763118,34.00742396,Estimate,NA,Yes,No,No,Yes,Yes,1.V13.F5,NA,NA,9.85,NA,22.85,8.36,144,44.84,45.1,NA,133,AJK,0,0.3887894,0.6112106,oak,west,F
NA,,17-Dec-25,24.9,F_98,1783-43510,NA,,F12-101,,,,OGB;AW,NA,F,AHY,11/20/12,2012,SZ Off-plot,-119.79667,34.013234,Estimate,NA,Yes,No,No,Yes,Yes,1.V14.C3,NA,104.6,9.66,NA,23.2,9.54,149,43.74,43.08,NA,132,AJK,0.4873707,0.0724783,0.440151,pine,west,F
NA,,17-Dec-25,41.3,F_99,1783-43512,NA,,F12-105,,,,KRK;AW,NA,F,AHY,11/20/12,2012,SZ Off-plot,-119.7975,34.015278,Location,NA,Yes,No,No,Yes,No,1.V14.C7,NA,NA,10.79,NA,27.17,8.84,150,46.25,45.84,NA,139,LSD,0.36518677,0.07458548,0.56022775,pine,west,M
NA,,19-Dec-25,41,M_1,1363-74536,NA,,843,F10-169,,,URO,AR,M,ASY,6/22/09,2009,SZ FS,-119.7411259,34.00319847,Estimate,NA,No,NA,NA,Yes,Yes,1.V1.C6,NA,121.3,10.36,31.45,24.97,9.29,151,47.15,46.93,NA,137,LC,0,0.36329769,0.63670232,oak,central,M
NA,,19-Dec-25,18,M_10,1363-74576,NA,,F09-086,,,,WBW;AU,NA,M,AHY,10/23/09,2009,SZ Off-plot,-119.61504,34.0002851,Trap Setup,NA,No,Yes,Yes,Yes,Yes,1.V3.A5,NA,117.88,10.35,34.37,26.4,9.19,159,47.3,47.34,NA,140,KL,0.160019,0.41266892,0.42731208,pine,east,M
NA,,7-Jan-25,73.7,M_100,1783-24885,NA,,F11-133,,,,RYP;AG,NA,M,AHY,11/19/11,2011,SZ Off-plot,-119.68359,34.0173701,Trap Setup,NA,Yes,No,No,Yes,Yes,1.V11.E8,NA,118.48,10.03,33.36,25.4,8.99,156,46.79,NA,NA,137,KL,0,0.38226089,0.61773911,oak,central,M
NA,,7-Jan-25,87.9,M_101,1783-24887,NA,,F11-141,,,,YUW;AU,NA,M,ASY,11/27/11,2011,SZ Off-plot,-119.62429,34.0021526,Trap Setup,NA,Yes,No,No,Yes,Yes,1.V11.F6,NA,122.78,9.94,34.8,26.94,9.01,154,47.67,NA,NA,138,KL,0.03754285,0.46066048,0.50179666,pine,east,M
NA,,7-Jan-25,74.9,M_102,1783-24888,NA,,F11-142,,,,KOG;AU,NA,M,AHY,11/28/11,2011,SZ Off-plot,-119.63982,33.9955273,Trap Setup,NA,Yes,No,No,Yes,Yes,1.V11.F7,NA,121.93,10.07,34.35,26.2,8.8,161,47.9,NA,NA,140,KL,0,0.38255572,0.61744428,oak,east,M
NA,,7-Jan-25,78.7,M_103,1783-24892,NA,,F11-147,,,,YRO,NA,M,AHY,11/29/11,2011,SZ Off-plot,-119.6424643,33.99808491,Trap Setup,NA,Yes,No,No,Yes,Yes,1.V11.G2,NA,108.93,9.9,34.32,26.38,8.93,155,47.39,NA,NA,139,KL,0,0.47066215,0.52933785,oak,,M
NA,,7-Jan-25,54.6,M_104,1783-24898,NA,,F11-169,,,,PRO;AG,NA,M,AHY,12/7/11,2011,SZ Off-plot,-119.70157,34.0296874,Trap Setup,NA,Yes,No,No,Yes,Yes,1.V11.I1,band looks like 1783-24899,121,9.98,34.94,26.51,8.81,154,47.23,NA,NA,136,KL,0.23211772,0.24827735,0.51960493,pine,central,M
NA,,7-Jan-25,26,M_106,1783-43518,NA,,S13-002,,,,OPB,AY,M,ASY,3/20/13,2013,SZ CPC,-119.7168441,33.97603043,Estimate,NA,Yes,No,No,Yes,Yes,1.V15.A2,NA,121.2,10.36,NA,23.79,8.97,157,48.68,48.52,NA,139,NOL,0,0.66545774,0.33454226,oak,central,M
NA,,7-Jan-25,36.7,M_107,1783-62628,NA,,S14-013,,,,RBY,AWO,M,ASY,3/20/14,2014,SZ SAU,-119.815047,34.005024,Trap Setup,NA,Yes,No,No,Yes,Yes,1.W16.B4,NA,121.29,10.29,NA,24.3,9.76,162,46.63,47.18,NA,138,KNF,0.7035466,3.19E-06,0.29645022,pine,west,M
NA,,7-Jan-25,29.6,M_108,1783-62631,NA,,S14-017,,,,BRG,AWO,M,ASY,3/20/14,2014,SZ SAU,-119.815047,34.005024,Trap Setup,NA,Yes,No,No,Yes,Yes,1.W16.B8,NA,124.54,10.65,NA,24.25,9.32,161,45.17,45.18,NA,138,ACH,0.7035466,3.19E-06,0.29645022,pine,west,M
NA,,7-Jan-25,40.1,M_109,1783-62643,NA,,S14-029,,,,YWW,AWO,M,ASY,3/29/14,2014,SZ SAU,-119.81506,34.00504002,Trap Setup,NA,Yes,No,No,Yes,Yes,1.W16.D2,NA,122.75,10.19,NA,26.16,8.92,161,47.8,47.63,NA,138,ACH,0.70453086,3.21E-06,0.29546593,pine,west,M
NA,,19-Dec-25,23.6,M_11,1363-74577,NA,,F09-091,,,,UBK;AK,NA,M,AHY,10/24/09,2009,SZ Off-plot,-119.80462,34.0324719,Trap Setup,NA,No,Yes,Yes,Yes,Yes,1.V3.B1,NA,121.15,10.52,35.53,26.64,9.71,153,47.13,47.26,NA,139,KL,0,0.44035846,0.55964154,oak,west,M
NA,,7-Jan-25,39.2,M_110,1783-62650,NA,,S14-037,,,,GWY,AWO,M,ASY,3/29/14,2014,SZ SAU,-119.81506,34.00504002,Trap Setup,NA,Yes,No,No,Yes,Yes,1.W16.E1,NA,115.83,9.96,NA,25.81,8.76,157,45.34,45.28,NA,132,ACH,0.70453086,3.21E-06,0.29546593,pine,west,M
NA,,7-Jan-25,35.4,M_111,1783-62654,NA,,S14-042,,,,PUB,AWO,M,ASY,4/1/14,2014,SZ SAU,-119.81595,34.00290098,Trap Setup,NA,Yes,No,No,Yes,Yes,1.W16.E6,NA,126.54,10.7,NA,25.27,10.4,156,47.39,47.61,NA,135,KNF,0.57453826,0.04866196,0.37679978,pine,west,M
NA,,7-Jan-25,27.4,M_112,1783-62655,NA,,S14-043,,,,WRW,AWO,M,ASY,4/1/14,2014,SZ SAU,-119.81595,34.00290098,Trap Setup,NA,Yes,No,No,Yes,Yes,1.W16.E7,NA,117.9,10.43,NA,25.35,9.91,154,46.57,46.6,NA,137,MCH,0.57453826,0.04866196,0.37679978,pine,west,M
NA,,7-Jan-25,23.4,M_113,1783-62663,NA,,S14-052,,,,RUU,AWO,M,ASY,4/7/14,2014,SZ SAU,-119.819687,34.00323603,Trap Setup,NA,Yes,No,No,Yes,Yes,1.W16.G6,NA,111.55,10.01,NA,24.5,9.67,152,44.17,44.15,NA,136,GHS,0.61331965,0.29745886,0.0892215,pine,west,M
NA,,7-Jan-25,95.3,M_115,1783-62668,NA,,S14-058,,,,OPR,AWO,M,ASY,5/5/14,2014,SZ SAU,-119.81738,34.00547898,Trap Setup,NA,Yes,No,No,Yes,Yes,1.W16.H2,NA,111.85,10.06,NA,24.85,9.91,150,45.55,45.69,NA,133,MCH,0.75397434,0.05565692,0.19036874,pine,west,M
NA,,7-Jan-25,140,M_116,1783-62754,NA,,F17-169,,,,OWW,AUO,M,AHY,11/16/17,2017,SZ BV,-119.7877852,34.013524,Trap Setup,NA,Yes,No,No,Yes,Yes,1.W10.A8,NA,115.8,10.62,35.84,26.18,9.45,156,45.19,45.22,NA,140,KSS,0,0.61649141,0.3835086,oak,west,M
NA,,7-Jan-25,49.3,M_117,1783-62793,1703-64676,,S13-041,,,,ROK,APG,M,HY,6/10/13,2013,SZ PZ,-119.7620433,34.00635551,Trap Setup,NA,Yes,No,No,Yes,Yes,1.V15.E5,ice crystals original band 1703-64676,113.12,8.85,NA,20.91,7.97,149,47.77,47.75,NA,134,MCH,0,0.5820632,0.4179368,oak,west,M
NA,,7-Jan-25,82.8,M_118,1783-62794,1783-24895,,F11-156,S12-009,,,PRY,AP,M,AHY,12/2/11,2011,SZ PZ,-119.7578974,34.01070366,Trap Setup,NA,Yes,No,No,Yes,Yes,1.V11.G10,original band 1783-24895,120.05,10.11,33.55,25.5,9.33,158,48.03,NA,NA,138,KL,0,0.47373506,0.52626494,oak,west,M
NA,,7-Jan-25,51.8,M_119,1783-62798,1603-78726,,F12-059,N10-044,,,AP,ORK,M,ASY,10/25/12,2012,SZ PZ,-119.7644449,34.00694428,Location,NA,Yes,No,No,Yes,Yes,1.V13.G1,original band 1603-78726,116.04,10.33,NA,25.36,9.23,158,46.51,46.81,NA,140,AJK,0,0.48074558,0.51925442,oak,west,M
NA,,19-Dec-25,16.1,M_12,1363-74580,NA,,F09-096,,,,BUK,AY,M,AHY,10/29/09,2009,SZ CPC,-119.7255837,33.97377753,Trap Setup,NA,No,No,No,Yes,Yes,1.V3.B6,NA,NA,9.93,33.04,24.52,9.5,155,48.53,48.37,NA,137,KL,0,0.5026504,0.4973496,oak,central,M
NA,,7-Jan-25,17.5,M_120,1793-17816,NA,,F15-139,,,,GGU;AOO,NA,M,AHY,12/10/15,2015,SZ SC,-119.57736,34.0372598,Trap Setup,NA,Yes,No,No,Yes,Yes,1.W4.G4,NA,111.2,10.08,31.02,23.72,9.39,147,45.83,45.44,NA,135,NOL,0,0.41081455,0.58918545,oak,east,F
NA,,7-Jan-25,38.9,M_121,1793-17817,NA,,F15-143,,,,BUY;AOO,NA,M,AHY,12/10/15,2015,SZ SC,-119.57737,34.0364122,Trap Setup,NA,Yes,No,No,Yes,Yes,1.W4.G8,NA,117.8,10.09,33.47,25.41,10.22,154,46.73,46.95,NA,139,NOL,0,0.40036545,0.59963455,oak,east,M
NA,,9-Jan-25,49.3,M_122,1793-17821,NA,,F15-156,,,,WKB;AOO,NA,M,AHY,12/12/15,2015,SZ SC,-119.58197,34.035928,Trap Setup,NA,Yes,No,No,Yes,Yes,1.W4.I3,NA,121,10.21,33.05,24.46,10.17,155,46.98,46.79,NA,138,NOL,0,0.29082508,0.70917492,oak,east,M
NA,,9-Jan-25,58.2,M_123,1793-17823,1583-92748,,F10-130,,,,UPY,AP,M,HY,11/10/10,2010,SZ PZ,-119.7569826,34.01086843,Trap Setup,NA,Yes,No,No,Yes,Yes,1.V6.F3,original band 1583-92748,121.5,9.86,31.45,23.13,9.62,149,46.59,NA,NA,134,KL,0,0.40912243,0.59087757,oak,west,M
NA,,9-Jan-25,123,M_125,1793-17830,NA,,S17-015,,,,KRK,AUO,M,ASY,5/19/17,2017,SZ BV,-119.7872501,34.01381406,Trap Setup,NA,Yes,No,No,Yes,Yes,1.W7.B6,NA,124.5,10.29,34.97,23.62,9.21,154,46.62,46.5,NA,136,RGC,0,0.5593313,0.44066871,oak,west,M
NA,,9-Jan-25,90.5,M_126,1793-17831,NA,,F17-078,S17-018,,,YYR,AUO,M,ASY,10/27/17,2017,SZ BV,-119.7901932,34.01409597,Trap Setup,NA,Yes,No,No,Yes,Yes,1.W8.I7,NA,114.4,10.95,34.15,26.32,9.95,155,46.13,46.1,NA,142,ARG,0.02443445,0.50339197,0.47217357,pine,west,M
NA,,9-Jan-25,66.7,M_127,1793-17853,NA,,F17-105,,,,KBW,AWK,M,HY,11/5/17,2017,SZ BV,-119.7975442,34.01489201,Location,NA,Yes,No,No,Yes,Yes,1.W9.C7,NA,119.9,10.43,36.88,25.24,10.92,146,46.76,46.63,NA,134,NOL,0.41933899,0.07793349,0.50272752,pine,west,M
NA,,9-Jan-25,133,M_128,1793-17871,1363-74502,,830,F10-170,,,GOW,AP,M,ASY,6/16/09,2009,SZ PZ,-119.758401,34.00852742,Estimate,NA,Yes,NA,NA,NA,Yes,1.V1.D8,original band 1363-74502,127.1,10.9,34.42,24.24,9.63,152,47.25,47.03,NA,136,LC,0,0.40983541,0.59016459,oak,west,M
NA,,9-Jan-25,120,M_129,1793-17910,NA,,S20-002,,,,YBK;ARO,NA,M,ASY,3/5/20,2020,SZ IST,-119.60586,34.0148055,Trap Setup,NA,Yes,NA,NA,Yes,Yes,1.W14.A2,NA,119.6,10.87,36.76,28.17,9.08,154,44.75,NA,NA,136,MAY,0.03439103,0.87088854,0.09472043,pine,east,M
NA,,19-Dec-25,28.3,M_13,1363-74583,NA,,F09-105,,,,UGU;AU,NA,M,AHY,10/31/09,2009,SZ Off-plot,-119.64009,33.99352,Trap Setup,NA,No,Yes,Yes,Yes,Yes,1.V3.C6,NA,117.99,10.11,34,25,9.42,149,47.01,47.03,NA,137,KL,0,0.3534685,0.64653151,oak,east,M
NA,,9-Jan-25,183,M_130,1793-17951,NA,,F20-169,,,,BWB;ARO,NA,M,AHY,11/28/20,2020,SZ IST,-119.59948,34.0143816,Trap Setup,NA,Yes,NA,NA,Yes,Yes,1.X4.D8,NA,118.2,10.52,35.92,25.46,9.56,154,47.01,46.94,NA,136,CIM,0.04868242,0.57448737,0.37683021,pine,east,M
NA,,9-Jan-25,163,M_131,1793-94905,NA,,F19-101,,,,O7B;ARO,NA,M,AHY,11/23/19,2019,SZ CP,-119.59345,34.0084145,Trap Setup,NA,Yes,NA,NA,Yes,Yes,1.W13.C2,NA,120.5,10.41,33.1,25.13,9.13,160,47.01,NA,NA,141,ARR,0,0.49691971,0.50308029,oak,east,M
NA,,9-Jan-25,114,M_132,1833-00386,NA,,S16-038,,,,RYR,APO,M,ASY,5/29/16,2016,SZ PZ,-119.7671072,34.00725399,Trap Setup,NA,Yes,No,No,Yes,Yes,1.W5.E2,NA,130.7,10.42,35.52,26.2,9.41,0,46.39,46.04,NA,0,KLR,0,0.55683564,0.44316436,oak,west,M
NA,,9-Jan-25,33.8,M_133,1833-00505,NA,,S14-101,,,,OUG,AWO,M,ASY,6/6/14,2014,SZ SAU,-119.81316,34.00677596,Trap Setup,NA,Yes,NA,NA,Yes,Yes,1.X1.B9,NA,120.81,10.29,NA,24.67,9.4,155,46.75,46.87,NA,132,MCH,0.77822116,0,0.22177885,pine,west,M
NA,,9-Jan-25,45.3,M_134,1833-00513,1603-78721,,F10-120,S10-009,,,YYU,AP,M,ASY,11/6/10,2010,SZ PZ,-119.7627081,34.00649382,Trap Setup,NA,Yes,Yes,Yes,Yes,Yes,1.V6.E2,original band 1603-78721,122.73,10.25,34.26,26.71,9.36,156,47.89,NA,NA,138,KL,0,0.57650579,0.42349421,oak,west,M
NA,,9-Jan-25,28.6,M_135,1833-00539,NA,,F14-056,,,,BYR,AWO,M,AHY,11/19/14,2014,SZ SAU,-119.818367,34.001945,Estimate,NA,Yes,No,No,Yes,Yes,1.X2.B9,NA,118.4,10.22,33.33,24.78,8.7,158,45.4,45.38,NA,138,SAM,0.45063368,0.24423538,0.30513095,pine,west,M
NA,,9-Jan-25,84.1,M_136,1833-00559,NA,,S15-018,,,,BOY,AWO,M,ASY,5/19/15,2015,SZ SAU,-119.8141666,34.00083344,Location,NA,Yes,No,No,Yes,Yes,1.W2.B9,NA,115.45,9.54,NA,22.86,9.76,156,45.63,45.77,135,0,NOL,0.32236128,0.08042601,0.5972127,pine,west,M
NA,,9-Jan-25,9.08,M_137,1833-00561,NA,,S15-021,,,,YPK,AWO,M,AHY,5/19/15,2015,SZ SAU,-119.8141666,34.00083344,Location,NA,Yes,No,No,Yes,Yes,1.W2.C3,NA,117.33,10.44,NA,25.46,9.47,157,46.83,45.66,135,0,KLR,0.32236128,0.08042601,0.5972127,pine,west,M
NA,,9-Jan-25,86.9,M_138,1833-00603,NA,,S16-066,,,,WWO,AWO,M,ASY,6/14/16,2016,SZ SAU,-119.8149998,34.00833361,Location,NA,Yes,No,No,Yes,Yes,1.W5.H3,clot,122.4,10.36,33.15,24.67,10.12,0,45.38,45.52,NA,0,KLR,0.90340411,0.03797798,0.05861791,pine,west,M
NA,,9-Jan-25,67.9,M_139,1833-00615,1783-74627,,F10-031,,,,YWO;AYO,NA,M,AHY,9/29/10,2010,SZ Off-plot,-119.71364,33.98669,Trap Setup,NA,Yes,Yes,Yes,Yes,Yes,1.V5.D4,original band 1783-74627,116.51,10.42,33.52,24.63,9.44,156,47.26,NA,NA,142,KL,0,0.50230989,0.49769011,oak,central,M
NA,,19-Dec-25,37.5,M_14,1363-74586,NA,,F09-115,F10-165,,,BBG,NA,M,AHY,11/5/09,2009,SZ CPC,-119.7168035,33.97658828,Estimate,NA,Yes,Yes,Yes,Yes,Yes,1.V3.D6,NA,112.92,10.29,34.32,24.72,9.9,156,46.79,46.74,NA,138,KL,0,0.60282728,0.39717272,oak,,M
NA,,9-Jan-25,26.3,M_140,1833-00636,NA,,F16-054,,,,BWU,APU,M,HY,12/31/16,2016,SZ PZ,-119.769103,34.00838369,Location,NA,Yes,No,No,Yes,Yes,1.W6.F9,NA,NA,10.14,31.74,23.59,9.18,143,45.47,45.92,NA,129,KLR,0,0.44279244,0.55720756,oak,west,M
NA,,9-Jan-25,74.5,M_141,1833-00687,1603-79269,,832,F11-154,,,RUY,NA,M,SY,3/21/09,2009,SZ PZ,-119.7566076,34.01094734,Estimate,NA,No,NA,NA,Yes,Yes,1.V1.D9,original band 1603-79269,121.94,NA,32.94,23.4,NA,147,46.46,46.56,NA,133,KL,0,0.40264963,0.59735037,oak,,M
NA,,9-Jan-25,133,M_142,1833-00696,NA,,S17-037,,,,PRY,AUU,M,SY,5/27/17,2017,SZ BV,-119.7889522,34.01321003,Trap Setup,NA,Yes,No,No,Yes,Yes,1.W7.E1,NA,117.9,10.62,34.81,25.12,9.69,145,46.8,46.7,NA,135,ARG,0,0.65629209,0.34370791,oak,west,M
NA,,9-Jan-25,168,M_143,1893-09062,NA,,F19-092,,,,;,NA,M,AHY,11/21/19,2019,SZ CP,-119.60465,34.0152278,Trap Setup,NA,Yes,NA,NA,Yes,Yes,1.W13.B2,NA,117.8,10.8,37.09,28.04,9.7,157,44.79,NA,NA,140,CIM,0.17172881,0.72687703,0.10139416,pine,east,M
NA,,9-Jan-25,103,M_144,1893-09064,NA,,F19-094,,,,;,NA,M,AHY,11/21/19,2019,SZ CP,-119.60483,34.0177122,Trap Setup,NA,Yes,NA,NA,Yes,Yes,1.W13.B4,NA,114.7,10.18,36.35,26.55,8.91,156,45.88,NA,NA,137,ARR,0.13356078,0.44190382,0.4245354,pine,east,M
NA,,9-Jan-25,131,M_145,1893-09114,NA,,F19-110,,,,RKO;ARO,NA,M,AHY,11/25/19,2019,SZ CP,-119.60609,33.9978697,Trap Setup,NA,Yes,NA,NA,Yes,Yes,1.W13.D2,NA,119.6,10.62,37.26,25.96,9.53,158,48.27,NA,NA,139,CIM,0.06235529,0.45214488,0.48549983,pine,east,M
NA,,9-Jan-25,101,M_146,1893-09137,NA,,S20-062,,,,RUK;ARO,NA,M,ASY,4/30/20,2020,SZ IST,-119.60157,34.0132286,Trap Setup,NA,Yes,NA,NA,Yes,Yes,1.W14.G8,NA,120.8,10.72,36.08,26.54,9.32,153,45.87,45.82,NA,140,MAY,0.06232936,0.67116344,0.2665072,pine,east,M
NA,,9-Jan-25,125,M_147,1893-09143,NA,,S20-074,,,,BRB;ARO,NA,M,ASY,5/17/20,2020,SZ IST,-119.60705,34.0178726,Trap Setup,NA,Yes,NA,NA,Yes,Yes,1.W14.I1,NA,125.8,10.98,35.07,25.76,9.63,150,45.93,45.84,NA,141,MAY,0.0495633,0.47698256,0.47345415,pine,east,M
NA,,9-Jan-25,128,M_148,1893-09144,NA,,S20-075,,,,BUY;ARY,NA,M,HY,5/25/20,2020,SZ IST,-119.60452,34.0160869,Trap Setup,NA,Yes,NA,NA,Yes,Yes,1.W14.I2,NA,112.2,9.54,30.55,21,9.17,152,47.22,47.04,NA,138,CAT,0.1838106,0.65107122,0.16511818,pine,east,M
NA,,9-Jan-25,220,M_149,1893-09198,NA,,F19-122,,,,GKW;ARO,NA,M,AHY,11/26/19,2019,SZ CP,-119.60428,34.0157133,Trap Setup,NA,Yes,NA,NA,Yes,Yes,1.W13.E5,NA,111.7,10.36,36.26,26.27,9.05,157,46.62,NA,NA,139,CIM,0.19563869,0.67568304,0.12867827,pine,east,M
NA,,19-Dec-25,22.4,M_16,1363-74590,NA,,F09-123,,,,BRB,AY,M,AHY,11/8/09,2009,SZ CPC,-119.7214101,33.97862994,Trap Setup,NA,No,No,No,Yes,Yes,1.V3.E5,dry sugar,117.67,10.15,31.69,23.31,9.46,155,47.32,47.69,NA,136,KL,0,0.34907455,0.65092545,oak,central,M
NA,,19-Dec-25,43.2,M_17,1363-74595,NA,,F09-138,,,,GKO;AU,NA,M,AHY,11/14/09,2009,SZ Off-plot,-119.60088,33.9915429,Trap Setup,NA,No,No,No,Yes,Yes,1.V3.G2,NA,124.89,10.69,34.98,25.65,9.53,156,48.9,48.76,NA,141,KL,0.01827971,0.3578488,0.6238715,pine,east,M
NA,,19-Dec-25,88.2,M_18,1363-74597,NA,,N10-032,S11-105,,,AP,GYR,M,N,5/4/10,2010,SZ PZ,-119.7626567,34.00490834,Nest,NA,Yes,No,No,Yes,No,1.V4.D5,NA,88.61,NA,NA,NA,NA,0,35.97,35.77,NA,0,SMB,0,0.80804117,0.19195883,oak,west,M
NA,,19-Dec-25,102,M_19,1363-74598,NA,,S10-006,,,,OWR,AP,M,ASY,6/7/10,2010,SZ PZ,-119.7661803,34.00541507,Trap Setup,NA,Yes,No,No,Yes,Yes,1.V4.I4,NA,121.07,10.64,31.16,23.58,10.09,153,48.54,48.73,NA,135,MAD,0,0.83460233,0.16539767,oak,west,M
NA,,19-Dec-25,127,M_2,1363-74537,NA,,844,F10-167,,,WPP,AR,M,HY,6/22/09,2009,SZ FS,-119.7379337,34.00264253,Estimate,NA,No,NA,NA,Yes,Yes,1.V1.C7,NA,112.01,10.28,29.44,22.5,8.9,143,46.01,45.93,NA,129,LC,0,0.448716,0.551284,oak,central,M
NA,,19-Dec-25,87.9,M_20,1363-74599,NA,,S10-010,,,,BWW,AY,M,ASY,6/15/10,2010,SZ CPC,-119.7168454,33.97664839,Trap Setup,NA,Yes,No,No,Yes,Yes,1.V4.H9,NA,124.7,10.59,32.66,23.13,9.58,147,49,49.03,NA,134,MAD,0,0.60195962,0.39804039,oak,central,M
NA,,19-Dec-25,32.7,M_21,1583-92701,NA,,F09-011,S11-009,,,WOU,AY,M,AHY,9/13/09,2009,SZ CPC,-119.7227304,33.97495122,Estimate,NA,No,Yes,Yes,Yes,Yes,1.V2.B2,NA,115.24,NA,NA,NA,NA,161,NA,NA,NA,140,KL,0,0.5696694,0.4303306,oak,central,M
NA,,19-Dec-25,50.9,M_22,1583-92703,NA,,F09-047,S11-056,,,YKY,AY,M,AHY,9/29/09,2009,SZ CPC,-119.721837,33.97433498,Estimate,NA,No,Yes,Yes,Yes,Yes,1.V2.F2,NA,122.49,10.66,38.17,29.69,9.02,160,48.16,48.24,NA,142,KL,0,0.64398468,0.35601532,oak,central,M
NA,,19-Dec-25,53.4,M_23,1583-92708,1683-92708,,F09-069,,,,GBB;AU,NA,M,AHY,10/12/09,2009,SZ Off-plot,-119.61856,34.0010847,Trap Setup,NA,No,No,No,Yes,Yes,1.V2.H6,original band 1683-92708,119.62,10.41,33.87,25.24,9.22,156,48.24,48.48,NA,140,KL,0.10655938,0.41573441,0.47770621,pine,east,M
NA,,5-Jan-25,32.9,M_25,1583-92721,NA,,F09-139,,,,OBG;AU,NA,M,AHY,11/14/09,2009,SZ Off-plot,-119.6024,33.9913395,Trap Setup,NA,No,No,No,Yes,Yes,1.V3.G3,NA,119.22,10.32,35.58,27.09,10.03,158,48.32,48.66,NA,141,KL,0.00849317,0.27931115,0.71219568,pine,east,M
NA,,5-Jan-25,53.4,M_26,1583-92728,NA,,F10-033,,,,BGG;AY,NA,M,AHY,9/29/10,2010,SZ Off-plot,-119.71038,33.9867618,Trap Setup,NA,Yes,Yes,Yes,Yes,Yes,1.V5.D6,NA,121.06,10.4,32.35,24.66,9.29,150,46.58,NA,NA,135,KL,0,0.62799875,0.37200125,oak,central,M
NA,,5-Jan-25,40.1,M_27,1583-92734,NA,,F10-053,,,,GWP;AW,NA,M,AHY,10/8/10,2010,SZ Off-plot,-119.81009,34.0166792,Trap Setup,NA,Yes,No,No,Yes,Yes,1.V5.F7,NA,113.43,10.39,35.39,26.86,9.54,154,46.88,NA,NA,136,KL,0.28313493,0.41243004,0.30443503,pine,west,M
NA,,5-Jan-25,72.3,M_28,1583-92735,NA,,F10-054,,,,BUP;AW,NA,M,AHY,10/9/10,2010,SZ Off-plot,-119.81942,34.0135626,Trap Setup,NA,Yes,No,No,Yes,Yes,1.V5.F8,NA,116.89,10.52,35.46,26.36,9.26,157,47.21,NA,NA,138,KL,0.69805224,0.30002016,0.00192761,pine,west,M
NA,,5-Jan-25,38.8,M_29,1583-92736,NA,,F10-059,,,,OGR;AW,NA,M,HY,10/9/10,2010,SZ Off-plot,-119.86926,34.0219106,Trap Setup,NA,Yes,No,No,Yes,Yes,1.V5.G4,NA,131.73,10.29,32.94,24.31,9.66,158,48.62,NA,NA,134,KL,0,0.19279274,0.80720726,oak,west,M
NA,,19-Dec-25,111,M_3,1363-74539,NA,,848,F10-078,,,GBO,AR,M,HY,6/23/09,2009,SZ FS,-119.737555,33.99958062,Estimate,NA,No,NA,NA,Yes,Yes,1.V1.B9,NA,115.49,10.17,30.81,23.4,9.2,151,46.78,46.71,NA,134,LC,0,0.52125698,0.47874302,oak,central,M
NA,,5-Jan-25,25.6,M_30,1583-92739,NA,,F10-070,S11-041,,,YOP,AR,M,HY,10/16/10,2010,SZ FS,-119.7346356,34.00130689,Trap Setup,1603-78743 father,Yes,Yes,Yes,Yes,Yes,1.V5.H6,NA,124.79,10.46,34.12,25.02,9.57,148,46.85,NA,NA,135,KL,0,0.46243948,0.53756052,oak,central,M
NA,,5-Jan-25,33.8,M_31,1583-92745,NA,,F10-108,,,,BGB;AG,NA,M,AHY,11/1/10,2010,SZ Off-plot,-119.70379,34.0287821,Trap Setup,NA,Yes,No,No,Yes,Yes,1.V6.C8,NA,117.46,10.61,35.5,26.93,9.12,154,46.68,NA,NA,138,KL,0.43917957,0.20377644,0.357044,pine,central,M
NA,,5-Jan-25,54,M_32,1583-92749,NA,,F09-054,S11-093,,,RUG,AP,M,HY,10/3/09,2009,SZ PZ,-119.7582121,34.00846233,Estimate,NA,No,Yes,Yes,Yes,Yes,1.V2.F9,NA,122.2,10.19,33.81,24.85,9.39,148,47.16,47.04,NA,133,KL,0,0.42748754,0.57251247,oak,west,M
NA,,5-Jan-25,21,M_33,1603-78716,1603-78719,,S10-002,F10-163,S10-007,,YGP,NA,M,AHY,6/3/10,2010,SZ CPC,-119.7225741,33.97542906,Trap Setup,NA,No,No,No,Yes,Yes,1.V4.I8,original band 1603-78719,116.68,10.47,33.02,24.12,8.83,131,47.97,48.23,NA,128,MAD,0,0.57905403,0.42094597,oak,,M
NA,,5-Jan-25,26.1,M_34,1603-78735,NA,,S10-026,,,,OUU,AY,M,SY,6/26/10,2010,SZ CPC,-119.7167648,33.97649692,Trap Setup,NA,Yes,No,No,Yes,Yes,1.V4.G2,NA,125.04,10.35,32.9,23.18,9.55,132,48.23,48.33,NA,125,MAD,0,0.60712892,0.39287109,oak,central,M
NA,,5-Jan-25,76.7,M_35,1603-78738,NA,,F10-006,,,,KKU;AO,NA,M,AHY,9/20/10,2010,SZ Off-plot,-119.55337,34.0140499,Trap Setup,NA,Yes,No,No,Yes,Yes,1.V5.A6,NA,118.16,10.08,32.54,24.67,9.66,149,46.28,NA,NA,137,KL,0,0.13117204,0.86882796,oak,east,M
NA,,5-Jan-25,2.5,M_36,1603-78743,NA,,F10-041,,,,AB,WY,M,ASY,10/1/10,2010,SZ FS,-119.7368186,33.99917584,Trap Setup,NA,Yes,No,No,Yes,Yes,1.V5.E4,NA,115.61,10.42,31.49,25.18,9.49,154,47.24,NA,NA,139,KL,0,0.53663249,0.46336751,oak,central,M
NA,,5-Jan-25,45.1,M_37,1603-78756,NA,,F10-105,,,,GYY;AB,NA,M,AHY,10/29/10,2010,SZ Off-plot,-119.76296,33.9866732,Trap Setup,NA,Yes,Yes,Yes,Yes,Yes,1.V6.C5,NA,121.4,10.41,34.46,24.99,9.3,157,47.45,NA,NA,139,KL,0,0.46701208,0.53298792,oak,west,M
NA,,5-Jan-25,92.1,M_38,1603-78769,1573-28085,,838,F10-154,,,PB,OA,M,ASY,6/18/09,2009,SZ FS,-119.7296205,33.99805772,Estimate,NA,No,NA,NA,Yes,Yes,1.V1.D5,original band 1573-28085,120.79,10.8,32.76,24.18,9.21,148,47.81,47.86,NA,138,LC,0,0.330463,0.669537,oak,central,M
NA,,5-Jan-25,30.5,M_39,1603-78776,NA,,S11-010,,,,UWB,AY,M,AHY,6/4/11,2011,SZ CPC,-119.7228859,33.97231375,Trap Setup,NA,Yes,No,No,Yes,Yes,1.V8.B1,NA,119.77,10.19,34.36,24.67,8.77,0,46.96,NA,NA,132,KL,0,0.54235984,0.45764016,oak,central,M
NA,,19-Dec-25,82.1,M_4,1363-74542,NA,,854,F10-119,,,BPG,AP,M,ASY,6/24/09,2009,SZ PZ,-119.7617243,34.00638936,Estimate,NA,No,No,No,Yes,Yes,1.V1.B8,NA,126.98,10.9,31.26,22.71,9.78,156,48.21,48.57,NA,138,LC,0,0.56993357,0.43006643,oak,west,M
NA,,5-Jan-25,68.6,M_40,1603-78788,NA,,F11-012,,,,BPR;AW,NA,M,HY,9/18/11,2011,SZ Off-plot,-119.80244,34.0110212,Trap Setup,NA,Yes,No,No,Yes,Yes,1.V10.B3,NA,108,9.73,33.55,24.87,8.75,150,45.61,NA,NA,133,KL,0.40155063,0.1822305,0.41621887,pine,west,M
NA,,5-Jan-25,71.5,M_41,1603-78795,NA,,F11-060,,,,PKU;AW,NA,M,AHY,10/7/11,2011,SZ Off-plot,-119.81225,34.0166928,Trap Setup,NA,Yes,No,No,Yes,Yes,1.V10.G5,NA,124.88,10.37,35.55,26.54,9.55,160,48.41,NA,NA,140,KL,0.28462185,0.44585242,0.26952573,pine,west,M
NA,,5-Jan-25,40.6,M_42,1603-79117,NA,,F09-132,,,,GUG;AU,NA,M,ASY,11/12/09,2009,SZ Off-plot,-119.62361,34.0001566,Trap Setup,NA,No,No,No,Yes,Yes,1.V3.F5,NA,118.2,10.27,34.49,26.89,9.43,156,46.68,46.73,NA,140,KL,0.0255249,0.42476581,0.54970929,pine,east,M
NA,,5-Jan-25,139,M_43,1603-79150,NA,,812,S11-084,,,WWG,AR,M,ASY,4/22/09,2009,SZ FS,-119.7232837,33.9974547,Estimate,NA,Yes,NA,NA,Yes,Yes,1.V1.G6,NA,124.56,NA,32.92,24.71,NA,157,46.25,47.04,NA,136,LC,0,0.20786327,0.79213674,oak,central,M
NA,,5-Jan-25,27.2,M_44,1603-79152,NA,,F10-062,S10-004,S11-055,,PYR,AY,M,ASY,10/12/10,2010,SZ CPC,-119.7231391,33.97584206,Trap Setup,NA,Yes,Yes,Yes,Yes,Yes,1.V5.G7,NA,121.69,10.07,33.35,25.02,9.58,158,47.58,NA,NA,138,KL,0,0.51795603,0.48204397,oak,central,M
NA,,5-Jan-25,64.2,M_45,1603-79154,NA,,S12-002,,,,OGW,AY,M,ASY,3/21/12,2012,SZ CPC,-119.721268,33.97742497,Estimate,NA,Yes,No,No,Yes,Yes,1.V12.F2,NA,118.35,10.67,29.07,23.07,10.28,153,47.5,48.61,NA,139,MAD,0,0.48116082,0.51883918,oak,central,M
NA,,5-Jan-25,45.8,M_46,1603-79171,NA,,F10-172,,,,WGG,AP,M,ASY,12/1/10,2010,SZ PZ,-119.7598978,34.0062865,Trap Setup,NA,Yes,No,No,Yes,Yes,1.V7.A9,NA,123.1,10.22,32.95,25.35,9.13,158,46.74,NA,NA,141,KL,0,0.59278283,0.40721717,oak,west,M
NA,,5-Jan-25,35.2,M_47,1603-79263,NA,,F10-076,,,,ROW,AR,M,ASY,10/17/10,2010,SZ FS,-119.740016,34.00099776,Trap Setup,NA,Yes,No,No,Yes,Yes,1.V5.I3,NA,119.48,10.67,34.06,25.27,9.42,155,46.1,NA,NA,139,KL,0,0.440155,0.559845,oak,central,M
NA,,5-Jan-25,95.3,M_48,1603-79268,1703-64649,,821,F11-160,,,UWB,AP,M,ASY,6/12/09,2009,SZ PZ,-119.7563715,34.01076764,Estimate,NA,Yes,NA,NA,NA,Yes,1.V1.F7,NA,118.82,10.82,34.13,23.02,9.36,153,48.12,48.27,NA,136,LC,0,0.41431173,0.58568827,oak,west,M
NA,,5-Jan-25,38.8,M_49,1603-79270,NA,,F10-126,,,,KWW,AP,M,ASY,11/10/10,2010,SZ PZ,-119.7569829,34.01087744,Trap Setup,NA,Yes,No,No,Yes,Yes,1.V6.E8,NA,119.5,10.25,35.3,26.78,9.25,155,46.34,NA,NA,138,KL,0,0.40918668,0.59081332,oak,west,M
NA,,19-Dec-25,45.9,M_5,1363-74553,NA,,F09-036,,,,BOK,NA,M,AHY,9/27/09,2009,SZ Off-plot,-119.8560007,34.015738,Trap Setup,NA,No,No,No,Yes,Yes,1.V2.D9,NA,116.6,10.37,34.07,24.83,9.08,159,46.39,46.35,NA,137,KL,0,0.5132438,0.48675621,oak,,M
NA,,5-Jan-25,26.2,M_50,1603-79301,NA,,F09-001,S11-023,,,WRU,AR,M,HY,9/7/09,2009,SZ FS,-119.7402803,34.00113611,Trap Setup,NA,No,Yes,Yes,Yes,Yes,1.V2.A1,NA,127.6,10.79,33.6,25.39,8.84,150,46.41,46.51,NA,132,KL,0,0.44616443,0.55383557,oak,central,M
NA,,5-Jan-25,48.1,M_51,1603-79303,NA,,F09-003,F11-032,S11-029,,PUG,AR,M,HY,9/8/09,2009,SZ FS,-119.7351363,34.00082634,Estimate,NA,No,Yes,Yes,Yes,Yes,1.V2.A3,NA,120.63,10.61,32.09,24.52,9,156,47.49,47.18,NA,134,KL,0,0.4484226,0.5515774,oak,central,M
NA,,5-Jan-25,31.7,M_52,1603-79304,1603-73404,,F09-004,F10-077,,,YUG,AR,M,AHY,9/8/09,2009,SZ FS,-119.7409327,34.00204507,Estimate,NA,No,Yes,Yes,Yes,Yes,1.V2.A4,original band 1603-73404,128.33,10.54,34.66,26.31,9.54,164,47.39,47.69,NA,142,KL,0,0.4112854,0.5887146,oak,central,M
NA,,5-Jan-25,11.6,M_53,1603-79310,NA,,F09-010,,,,RPK,AY,M,AHY,9/13/09,2009,SZ CPC,-119.7221176,33.97107865,Estimate,NA,No,Yes,Yes,Yes,Yes,1.V2.B1,NA,113.99,NA,NA,NA,NA,156,NA,NA,NA,138,KL,0,0.38406362,0.61593638,oak,central,M
NA,,5-Jan-25,39.2,M_54,1603-79328,NA,,F09-035,,,,PBO;AW,NA,M,SY,9/26/09,2009,SZ Off-plot,-119.80679,34.0162317,Trap Setup,NA,No,No,No,Yes,Yes,1.V2.D8,NA,111.62,9.78,32.54,24.28,9.2,149,45.89,45.93,NA,134,KL,0.3805429,0.33812993,0.28132717,pine,west,M
NA,,5-Jan-25,41.3,M_55,1603-79352,NA,,F09-111,,,,RBY;AW,NA,M,AHY,11/3/09,2009,SZ Off-plot,-119.86861,34.0216825,Trap Setup,NA,No,No,No,Yes,Yes,1.V3.D2,NA,123.08,10.26,32.71,24.37,9.58,147,48.15,48.01,NA,132,KL,0,0.22111971,0.77888029,oak,west,M
NA,,5-Jan-25,31.2,M_56,1603-79392,NA,,F10-074,N10-025,,,AR,UOY,M,HY,10/17/10,2010,SZ FS,-119.7402268,34.00115534,Trap Setup,1603-79304 father; 1603-79302 mother,Yes,Yes,Yes,Yes,Yes,1.V5.I1,NA,117.93,9.98,33.83,25.85,9.37,151,46.94,NA,133,KL,0,0.44303289,0.55696711,oak,central,,M
NA,,5-Jan-25,62.4,M_57,1703-24635,NA,,F11-093,,,,OBO;AO,NA,M,AHY,10/26/11,2011,SZ Off-plot,-119.58151,34.0403823,Trap Setup,NA,Yes,No,No,Yes,Yes,1.V11.B1,NA,122,9.85,32.9,24.46,9.43,156,47.34,NA,NA,140,KL,0,0.23190212,0.76809788,oak,east,M
NA,,5-Jan-25,22.1,M_58,1703-64453,NA,,S14-003,,,,PRW,AWB,M,ASY,3/6/14,2014,SZ SAU,-119.8165287,34.01172249,Trap Setup,NA,Yes,No,No,Yes,Yes,1.W16.A3,NA,112.7,10.34,NA,25.18,9.29,156,45.58,45.35,NA,137,KNF,0.78138145,0.16435664,0.05426191,pine,west,M
NA,,5-Jan-25,35,M_59,1703-64480,NA,,F14-022,,,,OKB,AWO,M,AHY,10/23/14,2014,SZ SAU,-119.82036,34.00081508,Trap Setup,NA,Yes,No,No,Yes,Yes,1.X1.G1,NA,116.7,10.42,35.14,24.87,9.22,152,44.68,45.35,NA,133,EMD,0.34707809,0.35408911,0.2988328,pine,west,M
NA,,19-Dec-25,48.4,M_6,1363-74556,NA,,F09-042,,,,BYP,AP,M,HY,9/28/09,2009,SZ PZ,-119.7575484,34.00459935,Trap Setup,NA,No,Yes,Yes,Yes,Yes,1.V2.E6,NA,116.76,10.24,34.37,25.67,9.03,150,47.55,47.72,NA,134,KL,0,0.77971879,0.22028121,oak,west,M
NA,,5-Jan-25,45.3,M_60,1703-64551,NA,,F15-133,,,,OBW;AOO,NA,M,AHY,12/9/15,2015,SZ SC,-119.57852,34.039886,Trap Setup,NA,Yes,No,No,Yes,Yes,1.W4.F7,NA,120.9,10.28,32.45,23.54,10.02,158,46.34,46.17,NA,141,NOL,0,0.22494182,0.77505818,oak,east,M
NA,,5-Jan-25,112,M_61,1703-64587,NA,,F16-033,,,,BUY,APU,M,HY,11/6/16,2016,SZ PZ,-119.7564801,34.01049476,Location,NA,Yes,No,No,Yes,Yes,1.W6.D6,NA,117.7,10.09,33.47,23.03,8.52,149,48.68,48.61,NA,139,MAD,0,0.41343069,0.58656931,oak,west,M
NA,,5-Jan-25,38.5,M_62,1703-64588,1783-24659,1603-79396,F10-115,N10-028,,,AP,URB,M,HY,11/5/10,2010,SZ PZ,-119.7561112,34.01,Location,NA,Yes,Yes,Yes,Yes,Yes,1.V6.D6,original band 1783-24659,125.52,10.11,32.46,24.35,9.39,152,47.34,NA,NA,135,KL,0,0.42142401,0.57857599,oak,west,M
NA,,5-Jan-25,35.2,M_63,1703-64607,NA,,S11-048,,,,UWW,AP,M,ASY,6/9/11,2011,SZ PZ,-119.7667735,34.0076825,Trap Setup,NA,Yes,Yes,Yes,Yes,Yes,1.V8.E9,NA,122.11,10.27,33.03,24.24,9.17,155,48.37,48.37,NA,136,KL,0,0.44627882,0.55372118,oak,west,M
NA,,5-Jan-25,27.3,M_64,1703-64608,NA,,S11-065,,,,GKP,AR,M,SY,6/12/11,2011,SZ FS,-119.7192396,33.99846611,Trap Setup,NA,Yes,No,No,Yes,Yes,1.V8.F8,NA,122.38,10.57,33.67,23.76,9.32,0,46.52,NA,NA,129,KL,0,0.42129151,0.57870849,oak,central,M
NA,,5-Jan-25,47.2,M_66,1703-64630,NA,,F11-065,,,,KRB;AW,NA,M,AHY,10/9/11,2011,SZ Off-plot,-119.85593,34.0175606,Trap Setup,NA,Yes,No,No,Yes,Yes,1.V10.H1,NA,123.12,10.32,34.08,25.8,9.27,157,47.64,NA,NA,139,KL,0,0.28658351,0.7134165,oak,west,M
NA,,5-Jan-25,49.8,M_67,1703-64631,NA,,F11-070,,,,WUU;AU,NA,M,AHY,10/13/11,2011,SZ Off-plot,-119.60371,34.0163927,Trap Setup,NA,Yes,No,No,Yes,Yes,1.V10.H6,NA,121.8,10.1,35.24,26.06,9.31,155,48.51,NA,NA,140,KL,0.19621589,0.58571164,0.21807247,pine,east,M
NA,,5-Jan-25,79.2,M_69,1703-64638,NA,,F11-102,,,,WYO;AG,NA,M,AHY,10/29/11,2011,SZ Off-plot,-119.69919,34.0282161,Trap Setup,NA,Yes,No,No,Yes,Yes,1.V11.B10,NA,122,10.26,36.22,27.6,9.2,160,47.18,NA,NA,141,KL,0.18072478,0.24450998,0.57476524,pine,central,M
NA,,19-Dec-25,26.5,M_7,1363-74558,NA,,F09-044,F10-162,,,WUB,AY,M,AHY,9/29/09,2009,SZ CPC,-119.7189183,33.97721596,Estimate,NA,No,No,No,Yes,Yes,1.V2.E8,NA,117.17,10.41,32.69,24.11,8.91,145,47.09,47.11,NA,138,KL,0,0.58391026,0.41608974,oak,central,M
NA,,5-Jan-25,66.1,M_70,1703-64646,NA,,F11-136,,,,GYP;AR,NA,M,HY,11/22/11,2011,SZ Off-plot,-119.6893,33.9858543,Trap Setup,NA,Yes,No,No,Yes,Yes,1.V11.F1,NA,123.19,10.15,33.81,25.39,9.33,145,47.53,NA,NA,133,KL,0,0.85737317,0.14262684,oak,central,M
NA,,5-Jan-25,40.1,M_71,1703-64665,NA,,F12-102,,,,YWW;AW,NA,M,AHY,11/20/12,2012,SZ Off-plot,-119.80154,34.01211,Estimate,NA,Yes,No,No,Yes,Yes,1.V14.C4,NA,0,10.26,NA,26.47,9.04,154,46.9,46.75,NA,140,LSD,0.58418988,0.10275165,0.31305847,pine,west,M
NA,,5-Jan-25,50.7,M_72,1713-24902,NA,,F11-090,,,,OGW;AO,NA,M,AHY,10/26/11,2011,SZ Off-plot,-119.58057,34.0411503,Trap Setup,NA,Yes,No,No,Yes,Yes,1.V11.A8,NA,120,10.17,33.29,24.74,9.23,161,45.89,NA,NA,140,KL,0,0.16915691,0.83084309,oak,east,M
NA,,6-Jan-25,56.4,M_73,1783-24605,NA,,F10-098,S10-019,,,URK,AY,M,AHY,10/28/10,2010,SZ CPC,-119.7268538,33.97492134,Trap Setup,NA,Yes,Yes,Yes,Yes,Yes,1.V6.B7,NA,119.89,10.23,32.61,24.57,9.38,156,47.02,NA,NA,138,KL,0,0.4114219,0.58857811,oak,central,M
NA,,6-Jan-25,73.3,M_74,1783-24620,NA,,F10-015,,,,GKG;AG,NA,M,AHY,9/26/10,2010,SZ Off-plot,-119.69829,34.030021,Trap Setup,NA,Yes,No,No,Yes,Yes,1.V5.B6,NA,121.54,10.45,33.42,25.61,9.42,158,48.96,49.36,NA,138,KL,0.02206585,0.32740026,0.65053389,pine,central,M
NA,,6-Jan-25,31.1,M_75,1783-24639,NA,,F10-060,,,,PUY;AP,NA,M,AHY,10/10/10,2010,SZ Off-plot,-119.77884,34.0118727,Trap Setup,NA,Yes,No,No,Yes,Yes,1.V5.G5,NA,119.76,10.37,34.13,25.52,9.7,157,47.51,NA,NA,136,KL,0,0.71579299,0.28420701,oak,west,M
NA,,6-Jan-25,48.7,M_76,1783-24642,NA,,F10-069,,,,UYR,AR,M,HY,10/16/10,2010,SZ FS,-119.7345482,34.00027211,Trap Setup,NA,Yes,Yes,Yes,Yes,Yes,1.V5.H5,NA,116.34,10.14,33,24.33,9.25,146,46.37,NA,NA,130,KL,0,0.4377017,0.5622983,oak,central,M
NA,,6-Jan-25,18.3,M_77,1783-24645,NA,,F10-082,,,,PPU;AW,NA,M,AHY,10/19/10,2010,SZ Off-plot,-119.80163,34.0018265,Trap Setup,NA,Yes,Yes,Yes,Yes,Yes,1.V5.I9,NA,123.65,10.7,35.08,25.8,9.31,156,48.39,NA,NA,140,KL,0,0.47512009,0.52487991,oak,west,M
NA,,6-Jan-25,31.3,M_78,1783-24646,NA,,F10-084,,,,YKO;AW,NA,M,AHY,10/19/10,2010,SZ Off-plot,-119.79785,34.0127214,Trap Setup,NA,Yes,Yes,Yes,Yes,Yes,1.V6.A2,NA,122.62,10.47,35.57,27,9.7,157,47.18,NA,NA,138,KL,0.52484658,0.11375794,0.36139548,pine,west,M
NA,,6-Jan-25,14.6,M_79,1783-24649,NA,,F10-092,S11-037,,,PBY,AR,M,HY,10/26/10,2010,SZ FS,-119.726414,33.99874894,Estimate,NA,Yes,Yes,Yes,Yes,Yes,1.V6.B1,NA,115.65,10.05,32.23,23.9,9.14,150,46.01,NA,NA,134,KL,0,0.29449465,0.70550535,oak,central,M
NA,,19-Dec-25,54.8,M_8,1363-74565,NA,,F10-022,,,,PBR,NA,M,SY,9/28/10,2010,SZ FS,-119.728541,33.99553746,Trap Setup,NA,Yes,Yes,Yes,Yes,Yes,1.V5.C4,NA,117.01,10.23,34.15,25.8,9.61,155,45.7,NA,NA,138,KL,0,0.55764833,0.44235168,oak,,M
NA,,6-Jan-25,51.9,M_80,1783-24653,NA,,F10-106,,,,YWW;AB,NA,M,AHY,10/29/10,2010,SZ Off-plot,-119.76018,33.9808129,Trap Setup,NA,Yes,Yes,Yes,Yes,Yes,1.V6.C6,NA,115.15,10.19,34.98,25.27,9.13,152,46.66,NA,NA,135,KL,0,0.53048719,0.46951281,oak,west,M
NA,,6-Jan-25,32.5,M_81,1783-24660,NA,,F10-121,,,,AP,WBG,M,HY,11/6/10,2010,SZ PZ,-119.7623906,34.00638376,Trap Setup,1603-79171 father; 1603-79332 mother,Yes,No,No,Yes,Yes,1.V6.E3,NA,116.43,10.2,32.81,25.08,8.73,147,45.85,NA,132,KL,0,0.58351571,0.41648429,oak,west,,M
NA,,6-Jan-25,51.1,M_82,1783-24667,NA,,F10-133,F11-047,,,GUY,AP,M,HY,11/10/10,2010,SZ PZ,-119.7589428,34.00587523,Trap Setup,NA,Yes,No,No,Yes,Yes,1.V6.F6,NA,115.92,9.63,33.51,25.08,8.85,148,46.05,NA,NA,131,KL,0,0.67050828,0.32949172,oak,west,M
NA,,6-Jan-25,30,M_83,1783-24673,NA,,F10-149,,,,RYU;AB,NA,M,AHY,11/22/10,2010,SZ Off-plot,-119.75968,33.9794899,Trap Setup,NA,Yes,No,No,Yes,Yes,1.V6.H4,NA,116.5,10.21,35.5,26.45,8.97,159,47.18,NA,NA,142,KL,0,0.50089862,0.49910138,oak,west,M
NA,,6-Jan-25,38.5,M_84,1783-24677,NA,,F10-166,,,,GYW,AY,M,ASY,11/29/10,2010,SZ CPC,-119.7200325,33.97648778,Trap Setup,NA,Yes,No,No,Yes,Yes,1.V7.A3,NA,126.23,10.29,34.09,25.33,9.37,156,47.71,NA,NA,136,KL,0,0.64523552,0.35476448,oak,central,M
NA,,6-Jan-25,53.7,M_85,1783-24679,NA,,F10-175,,,,YW,AP,M,AHY,12/1/10,2010,SZ PZ,-119.7598864,34.00626873,Trap Setup,NA,Yes,No,No,Yes,Yes,1.V7.B3,NA,116.47,10.39,33.3,25.4,9.13,157,46.58,NA,NA,140,KL,0,0.59489432,0.40510568,oak,west,M
NA,,6-Jan-25,23.6,M_86,1783-24800,NA,,S12-005,,,,YYU,AY,M,ASY,5/20/12,2012,SZ CPC,-119.7294441,33.97807604,Estimate,NA,Yes,No,No,Yes,No,1.V12.G4,NA,125.52,10.58,34.49,26.18,9.82,154,48.99,49.06,NA,137,MAD,0,0.38907468,0.61092532,oak,central,M
NA,,6-Jan-25,52.3,M_87,1783-24833,NA,,F11-006,,,,KOR;AK,NA,M,AHY,9/13/11,2011,SZ Off-plot,-119.82108,34.0455181,Trap Setup,NA,Yes,No,No,Yes,Yes,1.V10.A6,NA,124,10.52,34.29,26.34,9.28,153,47.35,NA,NA,139,KL,0,0.39620299,0.60379702,oak,west,M
NA,,6-Jan-25,83.7,M_88,1783-24834,NA,,F11-009,,,,-;AK,NA,M,AHY,9/14/11,2011,SZ Off-plot,-119.77537,34.0400955,Trap Setup,NA,Yes,No,No,Yes,Yes,1.V10.A9,NA,NA,10.84,34.84,26.17,9.17,156,46.47,NA,NA,142,KL,0,0.3478393,0.6521607,oak,west,M
NA,,6-Jan-25,53.4,M_89,1783-24850,NA,,F11-062,,,,BGP;AW,NA,M,HY,10/7/11,2011,SZ Off-plot,-119.81626,34.0167002,Trap Setup,NA,Yes,No,No,Yes,Yes,1.V10.G7,NA,104.37,9.39,31.19,23.25,8.76,144,45.46,NA,NA,129,KL,0.28692688,0.37404165,0.33903147,pine,west,F
NA,,19-Dec-25,43.3,M_9,1363-74566,NA,,F09-065,,,,GUK;AW,NA,M,AHY,10/8/09,2009,SZ Off-plot,-119.80603,34.0164654,Trap Setup,NA,No,No,No,Yes,Yes,1.V2.H2,NA,119.06,10.4,35.59,27.72,9.6,152,47.04,47.2,NA,136,KL,0.32912681,0.3179207,0.35295249,pine,west,M
NA,,6-Jan-25,55.7,M_90,1783-24852,NA,,F11-064,,,,ORK;WA,NA,M,HY,10/8/11,2011,SZ Off-plot,-119.86156,34.0106507,Trap Setup,NA,Yes,No,No,Yes,Yes,1.V10.G9,NA,119.44,10.25,33.82,24.83,8.77,152,45.32,NA,NA,136,KL,0,0.13696109,0.86303891,oak,west,M
NA,,6-Jan-25,86.7,M_91,1783-24853,NA,,F11-066,,,,RRG;AW,NA,M,HY,10/9/11,2011,SZ Off-plot,-119.85324,34.0180017,Trap Setup,NA,Yes,No,No,Yes,Yes,1.V10.H2,NA,119.97,10.08,33.56,25.05,9.44,142,47,NA,NA,131,KL,0,0.16987848,0.83012152,oak,west,M
NA,,6-Jan-25,57.3,M_92,1783-24854,NA,,F11-067,,,,KGB;AW,NA,M,AHY,10/9/11,2011,SZ Off-plot,-119.83144,34.0171987,Trap Setup,NA,Yes,No,No,Yes,Yes,1.V10.H3,NA,118.92,10.3,35.08,26.32,8.72,152,47.18,NA,NA,136,KL,0.14470043,0.73889899,0.11640058,pine,west,M
NA,,6-Jan-25,61.2,M_93,1783-24855,NA,,F11-068,,,,PUB;AW,NA,M,AHY,10/10/11,2011,SZ Off-plot,-119.80211,34.0039071,Trap Setup,NA,Yes,No,No,Yes,Yes,1.V10.H4,NA,116.82,10.31,33.55,25.01,9.48,158,46.21,NA,NA,136,KL,0,0.51365643,0.48634357,oak,west,M
NA,,6-Jan-25,57.7,M_94,1783-24856,NA,,F11-071,,,,GPG;AU,NA,M,AHY,10/13/11,2011,SZ Off-plot,-119.65173,34.0110296,Trap Setup,NA,Yes,No,No,Yes,Yes,1.V10.H7,NA,125.96,10.06,34.21,26.29,9.02,164,48.32,NA,NA,141,KL,0,0.16459184,0.83540816,oak,east,M
NA,,6-Jan-25,82.8,M_95,1783-24860,NA,,F11-077,,,,KWR;AU,NA,M,AHY,10/14/11,2011,SZ Off-plot,-119.62332,34.00211,Trap Setup,NA,Yes,No,No,Yes,Yes,1.V10.I4,NA,114.43,10.02,34.92,26.1,8.96,161,47.04,NA,NA,138,KL,0.03754285,0.43532826,0.52712889,pine,east,M
NA,,6-Jan-25,101,M_96,1783-24863,NA,,F11-083,,,,WRK;AB,NA,M,AHY,10/16/11,2011,SZ Off-plot,-119.7732,33.9773106,Trap Setup,NA,Yes,No,No,Yes,Yes,1.V11.A1,NA,122.37,10.28,32.99,23.94,9.38,158,45.69,NA,NA,138,KL,0,0.41035756,0.58964244,oak,west,M
NA,,7-Jan-25,83.5,M_97,1783-24864,NA,,F11-087,,,,KGR;AU,NA,M,AHY,10/17/11,2011,SZ Off-plot,-119.68256,33.9989294,Trap Setup,NA,Yes,No,No,Yes,Yes,1.V11.A5,NA,114.9,9.81,33.13,24.64,8.82,152,46.32,NA,NA,137,KL,0,0.56187763,0.43812237,oak,central,M
NA,,7-Jan-25,49,M_98,1783-24865,NA,,F11-088,,,,UGB;AO,NA,M,AHY,10/24/11,2011,SZ Off-plot,-119.57293,34.0391106,Trap Setup,NA,Yes,No,No,Yes,Yes,1.V11.A6,NA,128,10.51,34.34,25.58,8.89,158,47.02,NA,NA,138,KL,0,0.15741196,0.84258804,oak,east,M
NA,,7-Jan-25,49.9,M_99,1783-24868,NA,,F11-095,,,,WGU;AO,NA,M,AHY,10/26/11,2011,SZ Off-plot,-119.58297,34.0411179,Trap Setup,NA,Yes,No,No,Yes,Yes,1.V11.B3,NA,124,10.21,34.06,25.51,9.19,151,47.36,NA,NA,137,KL,0,0.18112234,0.81887766,oak,east,M
NA,,8-Dec-25,11.9,U_1,1363-74568,NA,,F09-067,,,,BPW;AU,NA,?,HY,10/11/09,2009,SZ Off-plot,-119.6324,33.9931081,Trap Setup,NA,No,No,No,Yes,Yes,1.V2.H4,NA,115.62,10.42,33.32,24.79,8.66,148,46.52,46.72,NA,132,KL,0,0.12663959,0.87336041,oak,east,M
NA,,8-Dec-25,7.39,U_10,1783-24837,NA,,F11-017,,,,YYG;AY,NA,?,AHY,9/24/11,2011,SZ Off-plot,-119.71388,33.9871624,Trap Setup,NA,Yes,No,No,Yes,Yes,1.V10.B8,NA,126,10.29,34.46,26.5,8.66,159,47.36,NA,NA,140,KL,0,0.56246197,0.43753803,oak,central,M
NA,,8-Dec-25,7.61,U_11,1783-24881,NA,,F11-118,,,,KOP;AR,NA,?,AHY,11/13/11,2011,SZ Off-plot,-119.68844,33.986982,Trap Setup,NA,Yes,No,No,Yes,Yes,1.V11.D6,NA,120.64,10.67,32.33,22.72,8.49,152,44.14,NA,NA,136,KL,0,0.90953007,0.09046993,oak,central,M
NA,,8-Dec-25,13,U_12,1783-24889,NA,,F11-143,,,,KBP;AU,NA,?,HY,11/28/11,2011,SZ Off-plot,-119.63944,33.9953732,Trap Setup,NA,Yes,No,No,Yes,Yes,1.V11.F8,NA,120.27,10.03,34.45,26.37,8.67,150,48.49,NA,NA,134,KL,0,0.39398255,0.60601745,oak,east,M
NA,,9-Dec-25,88.6,U_13,1783-24896,1713-24920,,F11-165,,,,YYB;AG,NA,?,HY,12/7/11,2011,SZ Off-plot,-119.69234,34.024571,Trap Setup,NA,Yes,No,No,Yes,Yes,1.V11.H7,original band 1713-24920,104,9.27,31.73,23.77,8.46,141,44.62,NA,NA,130,KL,0.20006272,0.45277015,0.34716713,pine,central,F
NA,,9-Dec-25,43,U_14,1783-43415,NA,,S12-020,,,,BBO;AR,NA,?,SY,6/8/12,2012,SZ Off-plot,-119.69028,33.9908904,Trap Setup,NA,Yes,No,No,Yes,No,1.V12.H9,NA,118.53,10.88,31.46,22.48,9.62,149,47.5,47.35,NA,136,CAW,0,0.44275622,0.55724378,oak,central,M
NA,,9-Dec-25,8.09,U_15,1783-43419,NA,,S12-024,,,,GGO;AR,NA,?,ASY,6/8/12,2012,SZ Off-plot,-119.68971,33.989199,Trap Setup,NA,Yes,No,No,Yes,No,1.V12.I3,NA,118.02,10.64,33.69,24.27,9.86,151,48.7,48.88,NA,134,MAD,0,0.75457976,0.24542024,oak,central,M
NA,,9-Dec-25,27.7,U_16,1783-43424,NA,,S12-029,,,,ROO;AR,NA,?,ASY,6/10/12,2012,SZ Off-plot,-119.68886,33.9875319,Trap Setup,NA,Yes,No,No,Yes,No,1.V12.I8,NA,125.41,10.78,33.56,24.01,9.53,0,48.78,48.74,NA,136,MAD,0,0.92224064,0.07775936,oak,central,M
NA,,8-Dec-25,17.3,U_17,1783-43426,NA,,S12-031,,,,BYU;AR,NA,?,SY,6/11/12,2012,SZ Off-plot,-119.73775,33.9959186,Trap Setup,NA,Yes,No,No,Yes,No,1.V12.I10,NA,123.54,10.31,34.9,24.54,8.74,0,48.21,48.19,NA,0,MAD,0,0.82963791,0.1703621,oak,central,M
NA,,8-Dec-25,8.12,U_18,1793-17819,NA,,F15-148,,,,KUG;AOS,NA,?,HY,12/11/15,2015,SZ SC,-119.57978,34.0392555,Trap Setup,NA,Yes,No,No,Yes,Yes,1.W4.H4,very pale,114.3,10.44,34.61,25.29,9.71,147,46.91,46.93,NA,134,EMD,0,0.33969701,0.66030299,oak,east,M
NA,,8-Dec-25,14.5,U_19,1793-17896,NA,,F19-072,,,,-;-,NA,?,HY,11/15/19,2019,SZ PEL,-119.69936,34.0082979,Trap Setup,NA,Yes,NA,NA,Yes,Yes,1.W12.H9,NA,123.2,10.13,34.11,25.4,8.49,148,47.9,NA,NA,135,COC,0,0.38261711,0.61738289,oak,central,M
NA,,8-Dec-25,5.52,U_2,1603-78762,NA,,F10-135,,,,BBU;AR,NA,?,HY,11/11/10,2010,SZ Off-plot,-119.74584,33.9987222,Trap Setup,NA,Yes,No,No,Yes,Yes,1.V6.F8,NA,100.66,9.19,31.99,23.99,8.77,141,44.64,NA,NA,127,KL,0,0.81484852,0.18515148,oak,central,F
NA,,8-Dec-25,23.6,U_20,1793-17898,NA,,F19-075,,,,-;-,NA,?,HY,11/15/19,2019,SZ PEL,-119.68801,34.0112061,Trap Setup,NA,Yes,NA,NA,Yes,Yes,1.W12.I3,NA,122.9,10.23,32.3,23.35,8.95,148,46.23,NA,NA,131,MAY,0,0.46301624,0.53698376,oak,central,M
NA,,9-Dec-25,14.1,U_21,1833-00358,NA,,F15-144,,,,OYW;AOO,NA,?,AHY,12/10/15,2015,SZ SC,-119.57929,34.0362907,Trap Setup,NA,Yes,No,No,Yes,Yes,1.W4.G9,NA,112.9,10.64,34.32,25.19,9.78,149,46.77,46.39,NA,135,EMD,0,0.41336352,0.58663648,oak,east,M
NA,,9-Dec-25,20.7,U_22,1833-00359,NA,,F15-152,,,,BBG;AOO,NA,?,AHY,12/12/15,2015,SZ SC,-119.57915,34.0359961,Trap Setup,NA,Yes,No,No,Yes,Yes,1.W4.H8,NA,120.3,10.42,32.66,24.15,9.8,157,45.68,45.86,NA,138,KLR,0,0.40819013,0.59180987,oak,east,M
NA,,9-Dec-25,27,U_23,1833-00405,NA,,F15-145,,,,UYU;AOS,NA,?,HY,12/10/15,2015,SZ SC,-119.57753,34.0380767,Trap Setup,NA,Yes,No,No,Yes,Yes,1.W4.H1,NA,113.8,10.23,32.13,24.55,9.82,146,46.33,46.17,NA,134,NOL,0,0.38433933,0.61566067,oak,east,M
NA,,9-Dec-25,17.2,U_24,1833-00407,NA,,F15-149,,,,YYY;AOO,NA,?,AHY,12/12/15,2015,SZ SC,-119.58228,34.0366877,Trap Setup,NA,Yes,No,No,Yes,Yes,1.W4.H5,NA,105.7,9.35,31.38,22.49,9.31,145,44.2,44.38,NA,134,NOL,0,0.30778475,0.69221525,oak,east,F
NA,,10-Dec-25,92.1,U_25,1893-09030,NA,,F19-008,,,,;A,NA,?,HY,10/18/19,2019,SZ PEL,-119.69201,34.0228745,Trap Setup,NA,Yes,NA,NA,Yes,Yes,1.W12.A8,NA,122.9,10.62,35.4,27.28,8.79,157,46.64,NA,NA,140,MAY,0.2993297,0.44025885,0.26041146,pine,central,M
NA,,10-Dec-25,140,U_26,1893-09086,NA,,S20-024,,,,GUP;ARR,NA,?,SY,3/27/20,2020,SZ IST,-119.60094,34.0129173,Trap Setup,NA,Yes,NA,NA,Yes,Yes,1.W14.C6,NA,114.6,10.19,34.44,23.71,8.41,145,44.47,44.55,NA,133,MAY,0.0446177,0.63078496,0.32459734,pine,east,M
NA,,9-Jan-25,120,U_27,1893-42394,,,FA25-089,,,,UA/UU,,?,AHY,,2025,SZ SAU,-119.8152287,34.0113961,,,,,,,,,,NA,10.33,35.19,25.13,8.95,152,45.28,45.28,NA,138,,NA,NA,,,,M
NA,,9-Jan-25,158,U_28,1893-42396,,,FA25-092,,,,BA/BY,,?,HY,,2025,SZ FS,-119.7340311,33.99967059,,,,,,,,,,NA,10.32,33.07,24.42,9.66,154,45.17,45.1,NA,135,,NA,NA,,,,M
NA,,9-Jan-25,38.5,U_29,1793-94838,,,FA25-093,,,,OA/BO,,?,AHY,,2025,SZ FS,-119.7340311,33.99967059,,,,,,,,,,NA,10.6,33.51,25.46,9.58,145,42.74,42.73,NA,134,,NA,NA,,,,M
NA,,8-Dec-25,5.45,U_3,1603-78783,NA,,S11-108,,,,KPP;AU,NA,?,AHY,6/23/11,2011,SZ Off-plot,-119.61767,34.002573,Trap Setup,NA,Yes,Yes,Yes,Yes,Yes,1.V7.G3,NA,109,9.35,33.73,25.2,9.26,0,45.76,NA,NA,0,KL,0.18600215,0.44102122,0.37297663,pine,east,F
NA,,9-Jan-25,187,U_33,1793-94839,,,FA25-098,,,,BA/WR,,?,AHY,,2025,SZ Off-plot,-119.7957827,34.01325533,,,,,,,,,,NA,10.46,34.25,25.72,9.27,153,44.91,44.83,NA,136,,NA,NA,,,,M
NA,,9-Jan-25,103,U_35,1893-42400,,,FA25-101,,,,WA/WU,,?,HY,,2025,SZ PZ,-119.7561264,34.01016643,,,,,,,,,,NA,10.11,33.08,23.91,9.42,143,44.06,44.04,NA,134,,NA,NA,,,,M
NA,,9-Jan-25,77.4,U_36,1713-43420,,,FA25-102,,,,UA/OY,,?,HY,,2025,SZ PZ,-119.7561264,34.01016643,,,,,,,,,,NA,9.23,30.94,22.83,8.23,145,42.86,42.85,NA,128,,NA,NA,,,,F
NA,,8-Dec-25,5.94,U_4,1603-78796,NA,,F11-069,,,,GUP;UA,NA,?,HY,10/12/11,2011,SZ Off-plot,-119.68315,33.9990878,Trap Setup,NA,Yes,No,No,Yes,Yes,1.V10.H5,NA,113.2,9.7,33.72,24.4,8.82,149,44.53,NA,NA,131,KL,0,0.51144898,0.48855102,oak,central,M
NA,,8-Dec-25,9.12,U_5,1603-79312,NA,,F09-013,,,,OPB;AG,NA,?,AHY,9/14/09,2009,SZ Off-plot,-119.69062,34.0202815,Trap Setup,NA,No,Yes,Yes,Yes,Yes,1.V2.B4,NA,105.68,9.65,30.54,22.96,8.71,146,45.02,45.04,NA,134,KL,0.20879068,0.48546419,0.30574513,pine,central,F
NA,,8-Dec-25,30.7,U_6,1713-24980,NA,,F19-057,,,,-;-,NA,?,HY,11/9/19,2019,SZ PEL,-119.68825,34.0107953,Trap Setup,NA,Yes,NA,NA,Yes,Yes,1.W12.G3,NA,109.3,10.37,31.35,22.36,8.66,145,44.87,NA,NA,128,ARR,0,0.5089076,0.4910924,oak,central,F
NA,,9-Dec-25,18.7,U_8,1783-24626,NA,,F10-030,,,,GBU;AY,NA,?,AHY,9/29/10,2010,SZ Off-plot,-119.71698,33.9879865,Trap Setup,NA,Yes,Yes,Yes,Yes,Yes,1.V5.D3,NA,111.8,10.45,33.31,25.08,9.53,155,47.19,NA,NA,138,KL,0,0.5953487,0.40465131,oak,central,M
NA,,9-Dec-25,52.8,U_9,1783-24632,NA,,F10-044,,,,RRK;AY,NA,?,AHY,10/4/10,2010,SZ Off-plot,-119.74052,33.9688389,Trap Setup,NA,Yes,Yes,Yes,Yes,Yes,1.V5.E7,NA,121.16,10.17,33.12,24.72,9.92,148,47.92,NA,NA,134,KL,0,0.8054213,0.1945787,oak,central,M